Rk,Player,Nation,Pos,Squad,Age,MP,Starts,Min,90s,Gls,Ast,G-PK,Gls per 90,Ast per 90,G+A per 90,G-PK per 90,G+A-PK per 90,xG,npxG,xA,npxG+xA,xG per 90,xA per 90,xG+xA per 90,npxG per 90,npxG+xA per 90
1,Patrick van Aanholt,NED,DF,Crystal Palace,29,22,20,1777,19.7,0,1,0,0,0.05,0.05,0,0.05,1.2,1.2,0.8,2,0.06,0.04,0.1,0.06,0.1
2,Tammy Abraham,ENG,FW,Chelsea,22,22,12,1040,11.6,6,1,6,0.52,0.09,0.61,0.52,0.61,6.4,6.4,0.9,7.3,0.56,0.07,0.63,0.56,0.63
3,Che Adams,SCO,FW,Southampton,24,36,30,2667,29.6,9,5,9,0.3,0.17,0.47,0.3,0.47,8.8,8.8,5.8,14.5,0.3,0.19,0.49,0.3,0.49
4,Tosin Adarabioyo,ENG,DF,Fulham,22,33,33,2953,32.8,0,0,0,0,0,0,0,0,1.1,1.1,0.4,1.5,0.03,0.01,0.04,0.03,0.04
5,Adrián,ESP,GK,Liverpool,33,3,3,270,3,0,0,0,0,0,0,0,0,0,0,0,0,0,0,0,0,0
6,Sergio Agüero,ARG,FWMF,Manchester City,32,12,7,559,6.2,4,1,3,0.64,0.16,0.81,0.48,0.64,3.4,1.8,1.3,3.1,0.54,0.21,0.75,0.3,0.51
7,Ola Aina,NGA,DF,Fulham,23,31,31,2664,29.6,2,1,2,0.07,0.03,0.1,0.07,0.1,1,1,1.4,2.3,0.03,0.05,0.08,0.03,0.08
8,Rayan Aït Nouri,FRA,DF,Wolves,19,21,16,1404,15.6,1,1,1,0.06,0.06,0.13,0.06,0.13,0.6,0.6,1,1.6,0.04,0.06,0.1,0.04,0.1
9,Semi Ajayi,NGA,DF,West Brom,26,33,31,2780,30.9,2,0,2,0.06,0,0.06,0.06,0.06,1.3,1.3,0.3,1.5,0.04,0.01,0.05,0.04,0.05
10,Nathan Aké,NED,DF,Manchester City,25,10,9,797,8.9,1,0,1,0.11,0,0.11,0.11,0.11,0.1,0.1,0,0.1,0.01,0,0.02,0.01,0.02
11,Marc Albrighton,ENG,DFFW,Leicester City,30,31,17,1746,19.4,1,5,1,0.05,0.26,0.31,0.05,0.31,1.3,1.3,4.4,5.7,0.07,0.23,0.29,0.07,0.29
12,Thiago Alcántara,ESP,MF,Liverpool,29,24,20,1854,20.6,1,0,1,0.05,0,0.05,0.05,0.05,1.4,1.4,2.3,3.7,0.07,0.11,0.18,0.07,0.18
13,Toby Alderweireld,BEL,DF,Tottenham,31,25,25,2240,24.9,1,0,1,0.04,0,0.04,0.04,0.04,0.8,0.8,0.3,1.2,0.03,0.01,0.05,0.03,0.05
14,Rúnar Alex Rúnarsson,ISL,GK,Arsenal,25,1,0,16,0.2,0,0,0,0,0,0,0,0,0,0,0,0,0,0,0,0,0
15,Trent Alexander-Arnold,ENG,DF,Liverpool,21,36,34,3031,33.7,2,7,2,0.06,0.21,0.27,0.06,0.27,2.8,2.8,8.1,10.8,0.08,0.24,0.32,0.08,0.32
16,Ezgjan Alioski,MKD,DF,Leeds United,28,36,29,2461,27.3,2,3,2,0.07,0.11,0.18,0.07,0.18,1.5,1.5,3.1,4.6,0.05,0.11,0.17,0.05,0.17
17,Alisson,BRA,GK,Liverpool,27,33,33,2970,33,1,0,1,0.03,0,0.03,0.03,0.03,0.1,0.1,0,0.1,0,0,0,0,0
18,Allan,BRA,MF,Everton,29,24,23,2051,22.8,0,0,0,0,0,0,0,0,0.2,0.2,0.9,1.1,0.01,0.04,0.05,0.01,0.05
19,Dele Alli,ENG,MF,Tottenham,24,15,7,620,6.9,0,1,0,0,0.15,0.15,0,0.15,1.3,1.3,0.9,2.2,0.19,0.13,0.32,0.19,0.32
20,Miguel Almirón,PAR,MFFW,Newcastle Utd,26,34,28,2429,27,4,1,4,0.15,0.04,0.19,0.15,0.19,3.2,3.2,2.8,5.9,0.12,0.1,0.22,0.12,0.22
21,Marcos Alonso,ESP,DF,Chelsea,29,13,11,960,10.7,2,0,2,0.19,0,0.19,0.19,0.19,1.7,1.7,1.1,2.8,0.16,0.11,0.27,0.16,0.27
22,Steven Alzate,COL,MFDF,Brighton,21,15,10,896,10,1,0,1,0.1,0,0.1,0.1,0.1,0.7,0.7,0.5,1.1,0.07,0.05,0.11,0.07,0.11
23,Daniel Amartey,GHA,DF,Leicester City,25,12,8,722,8,1,0,1,0.12,0,0.12,0.12,0.12,0.4,0.4,0,0.4,0.05,0,0.05,0.05,0.05
24,Ethan Ampadu,WAL,DFMF,Sheffield Utd,19,25,23,2089,23.2,0,0,0,0,0,0,0,0,0.3,0.3,0.9,1.3,0.01,0.04,0.06,0.01,0.06
25,Joachim Andersen,DEN,DF,Fulham,24,31,30,2730,30.3,1,1,1,0.03,0.03,0.07,0.03,0.07,1.1,1.1,0.5,1.6,0.04,0.02,0.05,0.04,0.05
26,Elliot Anderson,SCO,MF,Newcastle Utd,17,1,0,4,0,0,0,0,0,0,0,0,0,0,0,0,0,0,0,0,0,0
27,Felipe Anderson,BRA,FWMF,West Ham,27,2,0,3,0,0,0,0,0,0,0,0,0,0,0,0,0,0,0,0,0,0
28,Michail Antonio,ENG,FW,West Ham,30,26,24,1974,21.9,10,5,10,0.46,0.23,0.68,0.46,0.68,11.4,11.4,2.3,13.7,0.52,0.11,0.62,0.52,0.62
29,Alphonse Areola,FRA,GK,Fulham,27,36,36,3240,36,0,0,0,0,0,0,0,0,0,0,0,0,0,0,0,0,0
30,Stuart Armstrong,SCO,MF,Southampton,28,33,32,2764,30.7,4,5,4,0.13,0.16,0.29,0.13,0.29,3,3,2.7,5.7,0.1,0.09,0.18,0.1,0.18
31,Kepa Arrizabalaga,ESP,GK,Chelsea,25,7,6,585,6.5,0,0,0,0,0,0,0,0,0,0,0,0,0,0,0,0,0
32,Pierre-Emerick Aubameyang,GAB,FW,Arsenal,31,29,26,2332,25.9,10,3,8,0.39,0.12,0.5,0.31,0.42,10.6,9.1,2.8,11.9,0.41,0.11,0.52,0.35,0.46
33,Serge Aurier,CIV,DF,Tottenham,27,19,19,1605,17.8,2,3,2,0.11,0.17,0.28,0.11,0.28,1.4,1.4,1.9,3.2,0.08,0.11,0.18,0.08,0.18
34,Charlie Austin,ENG,FW,West Brom,31,5,0,138,1.5,0,0,0,0,0,0,0,0,0.2,0.2,0,0.2,0.13,0,0.13,0.13,0.13
35,Jordan Ayew,GHA,FWMF,Crystal Palace,28,33,23,2096,23.3,1,3,1,0.04,0.13,0.17,0.04,0.17,2.4,2.4,0.7,3,0.1,0.03,0.13,0.1,0.13
36,Luke Ayling,ENG,DF,Leeds United,28,38,38,3399,37.8,0,0,0,0,0,0,0,0,1.4,1.4,2.6,4,0.04,0.07,0.1,0.04,0.1
37,César Azpilicueta,ESP,DF,Chelsea,30,26,24,2188,24.3,1,2,1,0.04,0.08,0.12,0.04,0.12,0.8,0.8,2.6,3.4,0.03,0.11,0.14,0.03,0.14
38,Eric Bailly,CIV,DF,Manchester Utd,26,12,10,916,10.2,0,0,0,0,0,0,0,0,0.1,0.1,0,0.1,0.01,0,0.01,0.01,0.01
39,Fabián Balbuena,PAR,DF,West Ham,28,14,13,1198,13.3,1,0,1,0.08,0,0.08,0.08,0.08,0.6,0.6,0,0.6,0.05,0,0.05,0.05,0.05
40,George Baldock,ENG,DF,Sheffield Utd,27,32,32,2787,31,0,2,0,0,0.06,0.06,0,0.06,1.1,1.1,1.7,2.8,0.04,0.05,0.09,0.04,0.09
41,Gareth Bale,WAL,FW,Tottenham,31,20,10,920,10.2,11,2,11,1.08,0.2,1.27,1.08,1.27,5.3,5.3,1.9,7.2,0.52,0.19,0.71,0.52,0.71
42,Patrick Bamford,ENG,FW,Leeds United,26,38,37,3050,33.9,17,7,15,0.5,0.21,0.71,0.44,0.65,17.3,15.7,4.1,19.8,0.51,0.12,0.63,0.46,0.59
43,Phil Bardsley,SCO,DF,Burnley,35,4,3,274,3,0,0,0,0,0,0,0,0,0.1,0.1,0,0.1,0.04,0,0.04,0.04,0.04
44,Ross Barkley,ENG,MF,Aston Villa,26,24,18,1531,17,3,1,3,0.18,0.06,0.24,0.18,0.24,3.2,3.2,3.6,6.8,0.19,0.21,0.4,0.19,0.4
45,Ross Barkley,ENG,MF,Chelsea,26,2,0,42,0.5,0,0,0,0,0,0,0,0,0,0,0.1,0.1,0.06,0.16,0.22,0.06,0.22
46,Ashley Barnes,ENG,FW,Burnley,30,22,15,1331,14.8,3,0,2,0.2,0,0.2,0.14,0.14,5.1,4.4,0.7,5.1,0.35,0.04,0.39,0.3,0.34
47,Harvey Barnes,ENG,FWMF,Leicester City,22,25,22,1945,21.6,9,4,9,0.42,0.19,0.6,0.42,0.6,6.2,6.2,1.5,7.7,0.29,0.07,0.35,0.29,0.35
48,Kyle Bartley,ENG,DF,West Brom,29,30,28,2584,28.7,3,1,3,0.1,0.03,0.14,0.1,0.14,2.1,2.1,0.2,2.4,0.07,0.01,0.08,0.07,0.08
49,Chris Basham,ENG,DFMF,Sheffield Utd,32,31,31,2576,28.6,0,1,0,0,0.03,0.03,0,0.03,0.8,0.8,0.8,1.6,0.03,0.03,0.05,0.03,0.05
50,Michy Batshuayi,BEL,FW,Crystal Palace,26,18,7,728,8.1,2,1,2,0.25,0.12,0.37,0.25,0.37,1.4,1.4,1.4,2.8,0.17,0.18,0.35,0.17,0.35
51,Jan Bednarek,POL,DF,Southampton,24,36,36,3100,34.4,1,1,1,0.03,0.03,0.06,0.03,0.06,1,1,0.3,1.3,0.03,0.01,0.04,0.03,0.04
52,Donny van de Beek,NED,MFFW,Manchester Utd,23,19,4,524,5.8,1,1,1,0.17,0.17,0.34,0.17,0.34,0.3,0.3,1,1.3,0.05,0.17,0.22,0.05,0.22
53,Héctor Bellerín,ESP,DF,Arsenal,25,25,24,2089,23.2,1,2,1,0.04,0.09,0.13,0.04,0.13,0.8,0.8,2.4,3.2,0.04,0.1,0.14,0.04,0.14
54,Saïd Benrahma,ALG,FWMF,West Ham,24,30,14,1391,15.5,1,6,1,0.06,0.39,0.45,0.06,0.45,2.3,2.3,4.4,6.6,0.15,0.28,0.43,0.15,0.43
55,Josh Benson,ENG,MF,Burnley,20,6,2,264,2.9,0,0,0,0,0,0,0,0,0.2,0.2,0,0.2,0.06,0,0.06,0.06,0.06
56,Christian Benteke,BEL,FW,Crystal Palace,29,30,21,1816,20.2,10,1,10,0.5,0.05,0.55,0.5,0.55,8.1,8.1,1,9.1,0.4,0.05,0.45,0.4,0.45
57,Gaetano Berardi,SUI,DF,Leeds United,31,2,1,113,1.3,0,0,0,0,0,0,0,0,0,0,0,0,0.03,0,0.03,0.03,0.03
58,Jóhann Berg Guðmundsson,ISL,MF,Burnley,29,22,16,1363,15.1,2,0,2,0.13,0,0.13,0.13,0.13,1.7,1.7,0.5,2.2,0.11,0.03,0.14,0.11,0.14
59,Sander Berge,NOR,MF,Sheffield Utd,22,15,13,1120,12.4,1,1,0,0.08,0.08,0.16,0,0.08,1.2,0.5,1.2,1.7,0.1,0.1,0.2,0.04,0.14
60,Steven Bergwijn,NED,FWMF,Tottenham,22,21,13,1208,13.4,1,3,1,0.07,0.22,0.3,0.07,0.3,2.5,2.5,1.3,3.7,0.18,0.09,0.28,0.18,0.28
61,Bernard,BRA,MFFW,Everton,27,12,3,455,5.1,1,0,1,0.2,0,0.2,0.2,0.2,0.2,0.2,0.7,0.9,0.04,0.13,0.18,0.04,0.18
62,Bernardo,BRA,DFMF,Brighton,25,3,2,206,2.3,0,0,0,0,0,0,0,0,0.3,0.3,0.2,0.5,0.13,0.09,0.22,0.13,0.22
63,Ryan Bertrand,ENG,DF,Southampton,30,29,29,2598,28.9,0,1,0,0,0.03,0.03,0,0.03,0.6,0.6,1.2,1.8,0.02,0.04,0.06,0.02,0.06
64,Yves Bissouma,MLI,MF,Brighton,23,36,35,3111,34.6,1,0,1,0.03,0,0.03,0.03,0.03,1.2,1.2,1,2.2,0.04,0.03,0.06,0.04,0.06
65,Jayden Bogle,ENG,DF,Sheffield Utd,20,16,12,1110,12.3,2,0,2,0.16,0,0.16,0.16,0.16,1.8,1.8,0.2,2,0.14,0.01,0.16,0.14,0.16
66,Willy Boly,CIV,DF,Wolves,29,21,21,1879,20.9,1,1,1,0.05,0.05,0.1,0.05,0.1,1.1,1.1,0.4,1.6,0.05,0.02,0.07,0.05,0.07
67,Jarrod Bowen,ENG,FWMF,West Ham,23,38,30,2562,28.5,8,5,8,0.28,0.18,0.46,0.28,0.46,6.3,6.3,4.6,10.8,0.22,0.16,0.38,0.22,0.38
68,Robbie Brady,IRL,MF,Burnley,28,19,12,1052,11.7,1,1,1,0.09,0.09,0.17,0.09,0.17,0.8,0.8,0.9,1.7,0.07,0.08,0.15,0.07,0.15
69,Rhian Brewster,ENG,FW,Sheffield Utd,20,27,12,1128,12.5,0,0,0,0,0,0,0,0,1.7,1.7,1.7,3.4,0.14,0.13,0.27,0.14,0.27
70,Nathan Broadhead,WAL,MF,Everton,22,1,0,3,0,0,0,0,0,0,0,0,0,0,0,0,0,0,0,0,0,0
71,Josh Brownhill,ENG,MF,Burnley,24,33,32,2813,31.3,0,1,0,0,0.03,0.03,0,0.03,1.9,1.9,1.1,3,0.06,0.04,0.1,0.06,0.1
72,Joe Bryan,ENG,DFFW,Fulham,26,16,7,669,7.4,1,0,1,0.13,0,0.13,0.13,0.13,0.4,0.4,0.4,0.8,0.05,0.06,0.11,0.05,0.11
73,Kean Bryan,ENG,DF,Sheffield Utd,23,13,12,1004,11.2,1,0,1,0.09,0,0.09,0.09,0.09,0.4,0.4,0.4,0.8,0.04,0.03,0.07,0.04,0.07
74,Oliver Burke,SCO,FW,Sheffield Utd,23,25,14,1269,14.1,1,1,1,0.07,0.07,0.14,0.07,0.14,2.4,2.4,1.8,4.2,0.17,0.13,0.3,0.17,0.3
75,Dan Burn,ENG,DF,Brighton,28,27,23,2061,22.9,1,0,1,0.04,0,0.04,0.04,0.04,1.5,1.5,1,2.5,0.06,0.04,0.11,0.06,0.11
76,Jack Butland,ENG,GK,Crystal Palace,27,1,1,90,1,0,0,0,0,0,0,0,0,0,0,0,0,0,0,0,0,0
77,David Button,ENG,GK,West Brom,31,1,1,90,1,0,0,0,0,0,0,0,0,0,0,0,0,0,0,0,0,0
78,Oskar Buur,DEN,DF,Wolves,22,1,0,22,0.2,0,0,0,0,0,0,0,0,0,0,0,0,0,0,0,0,0
79,Willy Caballero,ARG,GK,Chelsea,38,1,1,90,1,0,0,0,0,0,0,0,0,0,0,0,0,0,0,0,0,0
80,Gary Cahill,ENG,DF,Crystal Palace,34,20,20,1800,20,1,1,1,0.05,0.05,0.1,0.05,0.1,0.7,0.7,0.7,1.4,0.03,0.04,0.07,0.03,0.07
81,Tom Cairney,SCO,MF,Fulham,29,10,9,759,8.4,1,1,1,0.12,0.12,0.24,0.12,0.24,0.7,0.7,1.4,2.1,0.08,0.17,0.25,0.08,0.25
82,Dominic Calvert-Lewin,ENG,FW,Everton,23,33,32,2871,31.9,16,0,16,0.5,0,0.5,0.5,0.5,15.4,15.4,2,17.5,0.48,0.06,0.55,0.48,0.55
83,João Cancelo,POR,DF,Manchester City,26,28,27,2299,25.5,2,3,2,0.08,0.12,0.2,0.08,0.2,2,2,4.9,6.9,0.08,0.19,0.27,0.08,0.27
84,Ian Carlo Poveda,ENG,MFDF,Leeds United,20,14,0,355,3.9,0,0,0,0,0,0,0,0,0.4,0.4,0.8,1.2,0.09,0.21,0.3,0.09,0.3
85,Andy Carroll,ENG,FW,Newcastle Utd,31,18,4,392,4.4,1,0,1,0.23,0,0.23,0.23,0.23,1.2,1.2,0.1,1.2,0.27,0.02,0.29,0.27,0.29
86,Scott Carson,ENG,GK,Manchester City,34,1,1,90,1,0,0,0,0,0,0,0,0,0,0,0,0,0,0,0,0,0
87,Fabio Carvalho,ENG,MFFW,Fulham,17,4,3,255,2.8,1,0,1,0.35,0,0.35,0.35,0.35,1.1,1.1,0.4,1.5,0.4,0.13,0.53,0.4,0.53
88,Matty Cash,ENG,DF,Aston Villa,22,28,28,2372,26.4,0,2,0,0,0.08,0.08,0,0.08,0.3,0.3,2.2,2.5,0.01,0.08,0.1,0.01,0.1
89,Kiko Casilla,ESP,GK,Leeds United,33,3,3,270,3,0,0,0,0,0,0,0,0,0,0,0,0,0,0,0,0,0
90,Timothy Castagne,BEL,DF,Leicester City,24,27,27,2345,26.1,2,3,2,0.08,0.12,0.19,0.08,0.19,1.3,1.3,2,3.3,0.05,0.08,0.13,0.05,0.13
91,Jonny Castro,ESP,DF,Wolves,26,7,7,495,5.5,0,0,0,0,0,0,0,0,0.1,0.1,0.1,0.2,0.01,0.03,0.04,0.01,0.04
92,Ivan Cavaleiro,POR,FWMF,Fulham,26,36,27,2472,27.5,3,0,2,0.11,0,0.11,0.07,0.07,5.4,4.7,3.4,8,0.2,0.12,0.32,0.17,0.29
93,Edinson Cavani,URU,FW,Manchester Utd,33,26,13,1375,15.3,10,3,10,0.65,0.2,0.85,0.65,0.85,7.4,7.4,2.7,10.1,0.48,0.17,0.66,0.48,0.66
94,Dani Ceballos,ESP,MF,Arsenal,23,25,17,1615,17.9,0,3,0,0,0.17,0.17,0,0.17,0.7,0.7,2.9,3.6,0.04,0.16,0.2,0.04,0.2
95,Calum Chambers,ENG,DF,Arsenal,25,10,8,753,8.4,0,2,0,0,0.24,0.24,0,0.24,0.6,0.6,1.1,1.7,0.07,0.14,0.21,0.07,0.21
96,Ben Chilwell,ENG,DF,Chelsea,23,27,27,2286,25.4,3,5,3,0.12,0.2,0.31,0.12,0.31,2.4,2.4,2.8,5.3,0.1,0.11,0.21,0.1,0.21
97,Hamza Choudhury,ENG,MF,Leicester City,22,10,4,316,3.5,0,0,0,0,0,0,0,0,0.4,0.4,0,0.4,0.11,0,0.11,0.11,0.11
98,Andreas Christensen,DEN,DF,Chelsea,24,17,15,1371,15.2,0,0,0,0,0,0,0,0,0.1,0.1,0.4,0.5,0.01,0.02,0.03,0.01,0.03
99,Carney Chukwuemeka,ENG,FWMF,Aston Villa,16,2,0,20,0.2,0,0,0,0,0,0,0,0,0.1,0.1,0,0.1,0.29,0,0.29,0.29,0.29
100,Ciaran Clark,IRL,DF,Newcastle Utd,30,22,21,1891,21,1,0,1,0.05,0,0.05,0.05,0.05,0.3,0.3,0.1,0.4,0.02,0,0.02,0.02,0.02
101,Nathaniel Clyne,ENG,DF,Crystal Palace,29,13,13,1145,12.7,0,1,0,0,0.08,0.08,0,0.08,0.1,0.1,0.4,0.5,0.01,0.03,0.04,0.01,0.04
102,Conor Coady,ENG,DF,Wolves,27,37,37,3303,36.7,1,0,1,0.03,0,0.03,0.03,0.03,1.3,1.3,0.1,1.4,0.03,0,0.04,0.03,0.04
103,Séamus Coleman,IRL,DFMF,Everton,31,25,18,1613,17.9,0,3,0,0,0.17,0.17,0,0.17,1.2,1.2,1.9,3.1,0.06,0.11,0.17,0.06,0.17
104,Aaron Connolly,IRL,FW,Brighton,20,17,9,791,8.8,2,1,2,0.23,0.11,0.34,0.23,0.34,3.5,3.5,0.2,3.7,0.4,0.02,0.42,0.4,0.42
105,Liam Cooper,SCO,DF,Leeds United,28,25,25,2185,24.3,1,0,1,0.04,0,0.04,0.04,0.04,1.3,1.3,0,1.3,0.05,0,0.05,0.05,0.05
106,Theo Corbeanu,CAN,FW,Wolves,18,1,0,9,0.1,0,0,0,0,0,0,0,0,0,0,0.1,0.1,0,0.9,0.9,0,0.9
107,Jack Cork,ENG,MF,Burnley,31,16,15,1350,15,0,0,0,0,0,0,0,0,0.3,0.3,0.6,0.8,0.02,0.04,0.06,0.02,0.06
108,Hélder Costa,POR,MFFW,Leeds United,26,22,13,1156,12.8,3,3,3,0.23,0.23,0.47,0.23,0.47,2,2,0.9,2.9,0.16,0.07,0.23,0.16,0.23
109,Vladimír Coufal,CZE,DF,West Ham,27,34,34,3054,33.9,0,7,0,0,0.21,0.21,0,0.21,1.2,1.2,4.6,5.8,0.04,0.14,0.17,0.04,0.17
110,Aaron Cresswell,ENG,DF,West Ham,30,36,36,3170,35.2,0,8,0,0,0.23,0.23,0,0.23,0.9,0.9,5.9,6.9,0.03,0.17,0.19,0.03,0.19
111,Patrick Cutrone,ITA,FWMF,Wolves,22,2,0,25,0.3,0,0,0,0,0,0,0,0,0.2,0.2,0,0.2,0.61,0,0.61,0.61,0.61
112,Stuart Dallas,NIR,DFMF,Leeds United,29,38,38,3409,37.9,8,2,8,0.21,0.05,0.26,0.21,0.26,4.6,4.6,2.1,6.7,0.12,0.05,0.18,0.12,0.18
113,Scott Dann,ENG,DF,Crystal Palace,33,15,15,1350,15,1,0,1,0.07,0,0.07,0.07,0.07,0.3,0.3,0,0.4,0.02,0,0.02,0.02,0.02
114,Karl Darlow,ENG,GK,Newcastle Utd,29,25,25,2250,25,0,0,0,0,0,0,0,0,0,0,0,0,0,0,0,0,0
115,Ben Davies,WAL,DF,Tottenham,27,20,14,1346,15,0,1,0,0,0.07,0.07,0,0.07,0.2,0.2,0.6,0.9,0.01,0.04,0.06,0.01,0.06
116,Tom Davies,ENG,MF,Everton,22,25,17,1423,15.8,0,1,0,0,0.06,0.06,0,0.06,0.2,0.2,1,1.1,0.01,0.06,0.07,0.01,0.07
117,Keinan Davis,ENG,FWMF,Aston Villa,22,15,1,277,3.1,1,1,1,0.32,0.32,0.65,0.32,0.65,1,1,0.5,1.5,0.34,0.16,0.49,0.34,0.49
118,Leif Davis,ENG,DF,Leeds United,20,2,0,33,0.4,0,0,0,0,0,0,0,0,0,0,0,0,0,0,0,0,0
119,Craig Dawson,ENG,DF,West Ham,30,22,22,1925,21.4,3,0,3,0.14,0,0.14,0.14,0.14,1.7,1.7,0,1.7,0.08,0,0.08,0.08,0.08
120,Kevin De Bruyne,BEL,MF,Manchester City,29,25,23,1997,22.2,6,12,4,0.27,0.54,0.81,0.18,0.72,9.7,7.4,10.2,17.6,0.44,0.46,0.9,0.34,0.79
121,Liam Delap,ENG,FW,Manchester City,17,1,0,40,0.4,0,0,0,0,0,0,0,0,0,0,0,0,0.06,0,0.06,0.06,0.06
122,Fabian Delph,ENG,MFDF,Everton,30,8,2,266,3,0,0,0,0,0,0,0,0,0,0,0.1,0.1,0.01,0.03,0.04,0.01,0.04
123,Leander Dendoncker,BEL,MFDF,Wolves,25,33,28,2503,27.8,1,0,1,0.04,0,0.04,0.04,0.04,3.3,3.3,0.7,4,0.12,0.03,0.14,0.12,0.14
124,Mbaye Diagne,SEN,FW,West Brom,28,16,14,1189,13.2,3,2,3,0.23,0.15,0.38,0.23,0.38,5,5,1.7,6.7,0.38,0.13,0.51,0.38,0.51
125,Amad Diallo,CIV,FW,Manchester Utd,18,3,2,166,1.8,0,1,0,0,0.54,0.54,0,0.54,0,0,0.5,0.5,0.02,0.26,0.29,0.02,0.29
126,Ibrahima Diallo,FRA,MF,Southampton,21,22,10,1020,11.3,0,0,0,0,0,0,0,0,0.6,0.6,0.6,1.2,0.05,0.05,0.11,0.05,0.11
127,Grady Diangana,ENG,MFFW,West Brom,22,20,15,1235,13.7,1,0,1,0.07,0,0.07,0.07,0.07,1.2,1.2,0.2,1.4,0.09,0.01,0.1,0.09,0.1
128,Raphael Dias Belloli,BRA,MF,Leeds United,23,30,26,2360,26.2,6,9,6,0.23,0.34,0.57,0.23,0.57,6,6,8.1,14.1,0.23,0.31,0.54,0.23,0.54
129,Rúben Dias,POR,DF,Manchester City,23,32,32,2843,31.6,1,0,1,0.03,0,0.03,0.03,0.03,2.4,2.4,0.1,2.4,0.07,0,0.08,0.07,0.08
130,Eric Dier,ENG,DF,Tottenham,26,28,28,2520,28,0,0,0,0,0,0,0,0,0.9,0.9,0.1,1,0.03,0,0.03,0.03,0.03
131,Lucas Digne,FRA,DF,Everton,27,30,30,2681,29.8,0,7,0,0,0.23,0.23,0,0.23,0.6,0.6,5.4,6,0.02,0.18,0.2,0.02,0.2
132,Virgil van Dijk,NED,DF,Liverpool,29,5,5,370,4.1,1,0,1,0.24,0,0.24,0.24,0.24,0.3,0.3,0,0.3,0.08,0,0.08,0.08,0.08
133,Issa Diop,FRA,DF,West Ham,23,18,15,1381,15.3,2,0,2,0.13,0,0.13,0.13,0.13,0.3,0.3,0,0.3,0.02,0,0.02,0.02,0.02
134,Moussa Djenepo,MLI,MF,Southampton,22,27,15,1240,13.8,1,0,1,0.07,0,0.07,0.07,0.07,0.9,0.9,0.6,1.5,0.07,0.04,0.11,0.07,0.11
135,Matt Doherty,IRL,DF,Tottenham,28,17,13,1240,13.8,0,2,0,0,0.15,0.15,0,0.15,0.4,0.4,0.8,1.2,0.03,0.06,0.09,0.03,0.09
136,Gabriel Dos Santos,BRA,DF,Arsenal,22,23,22,1996,22.2,2,0,2,0.09,0,0.09,0.09,0.09,1,1,0.1,1.1,0.05,0,0.05,0.05,0.05
137,Abdoulaye Doucouré,FRA,MF,Everton,27,29,29,2443,27.1,2,3,2,0.07,0.11,0.18,0.07,0.18,2.1,2.1,2.2,4.3,0.08,0.08,0.16,0.08,0.16
138,Martin Dúbravka,SVK,GK,Newcastle Utd,31,13,13,1170,13,0,0,0,0,0,0,0,0,0,0,0,0,0,0,0,0,0
139,Paul Dummett,WAL,DF,Newcastle Utd,28,15,14,1255,13.9,1,0,1,0.07,0,0.07,0.07,0.07,0.3,0.3,0.5,0.8,0.02,0.04,0.06,0.02,0.06
140,Lewis Dunk,ENG,DF,Brighton,28,33,33,2931,32.6,5,0,5,0.15,0,0.15,0.15,0.15,2.5,2.5,0.9,3.4,0.08,0.03,0.1,0.08,0.1
141,Jimmy Dunne,IRL,DF,Burnley,22,3,3,270,3,1,0,1,0.33,0,0.33,0.33,0.33,0.4,0.4,0.1,0.5,0.14,0.04,0.17,0.14,0.17
142,Ederson,BRA,GK,Manchester City,26,36,36,3240,36,0,1,0,0,0.03,0.03,0,0.03,0,0,0.4,0.4,0,0.01,0.01,0,0.01
143,Kyle Edwards,ENG,MFFW,West Brom,22,5,1,118,1.3,0,0,0,0,0,0,0,0,0.1,0.1,0,0.1,0.11,0,0.11,0.11,0.11
144,John Egan,IRL,DF,Sheffield Utd,27,31,30,2629,29.2,0,1,0,0,0.03,0.03,0,0.03,0.7,0.7,0.3,1,0.02,0.01,0.03,0.02,0.03
145,Anthony Elanga,SWE,FW,Manchester Utd,18,2,2,155,1.7,1,0,1,0.58,0,0.58,0.58,0.58,0.3,0.3,0,0.3,0.16,0.02,0.18,0.16,0.18
146,Ahmed Elmohamady,EGY,DF,Aston Villa,32,14,8,839,9.3,0,0,0,0,0,0,0,0,0.5,0.5,0.6,1.1,0.05,0.07,0.12,0.05,0.12
147,Mohamed Elneny,EGY,MF,Arsenal,28,23,17,1544,17.2,1,0,1,0.06,0,0.06,0.06,0.06,0.5,0.5,0.2,0.7,0.03,0.01,0.04,0.03,0.04
148,Jonny Evans,NIR,DF,Leicester City,32,28,28,2473,27.5,2,2,2,0.07,0.07,0.15,0.07,0.15,1.7,1.7,0.3,2,0.06,0.01,0.07,0.06,0.07
149,Eberechi Eze,ENG,MF,Crystal Palace,22,34,29,2559,28.4,4,6,4,0.14,0.21,0.35,0.14,0.35,2.2,2.2,2.8,5.1,0.08,0.1,0.18,0.08,0.18
150,Łukasz Fabiański,POL,GK,West Ham,35,35,35,3150,35,0,0,0,0,0,0,0,0,0,0,0,0,0,0,0,0,0
151,Fabinho,BRA,DFMF,Liverpool,26,30,28,2567,28.5,0,0,0,0,0,0,0,0,0.4,0.4,0.4,0.8,0.02,0.01,0.03,0.02,0.03
152,Bruno Fernandes,POR,MF,Manchester Utd,25,37,35,3099,34.4,18,12,9,0.52,0.35,0.87,0.26,0.61,15.4,7.8,11,18.8,0.45,0.32,0.77,0.23,0.55
153,Federico Fernández,ARG,DF,Newcastle Utd,31,24,24,2079,23.1,0,0,0,0,0,0,0,0,0.3,0.3,0.3,0.6,0.01,0.01,0.03,0.01,0.03
154,Fernandinho,BRA,MF,Manchester City,35,21,12,1188,13.2,0,2,0,0,0.15,0.15,0,0.15,0.8,0.8,0.9,1.7,0.06,0.07,0.13,0.06,0.13
155,Sam Field,ENG,MF,West Brom,22,3,0,62,0.7,0,0,0,0,0,0,0,0,0,0,0,0,0,0,0,0,0
156,Roberto Firmino,BRA,FW,Liverpool,28,36,33,2838,31.5,9,7,9,0.29,0.22,0.51,0.29,0.51,12.6,12.6,6.4,19,0.4,0.2,0.6,0.4,0.6
157,John Fleck,SCO,MF,Sheffield Utd,28,31,29,2575,28.6,0,2,0,0,0.07,0.07,0,0.07,0.9,0.9,2.7,3.5,0.03,0.09,0.12,0.03,0.12
158,Phil Foden,ENG,FWMF,Manchester City,20,28,17,1616,18,9,5,9,0.5,0.28,0.78,0.5,0.78,5.5,5.5,4.1,9.7,0.31,0.23,0.54,0.31,0.54
159,Wesley Fofana,FRA,DF,Leicester City,19,28,27,2262,25.1,0,0,0,0,0,0,0,0,1,1,0.3,1.3,0.04,0.01,0.05,0.04,0.05
160,Pablo Fornals,ESP,FWMF,West Ham,24,33,31,2572,28.6,5,4,5,0.17,0.14,0.31,0.17,0.31,6.5,6.5,2.5,9,0.23,0.09,0.32,0.23,0.32
161,Fraser Forster,ENG,GK,Southampton,32,8,8,720,8,0,0,0,0,0,0,0,0,0,0,0,0,0,0,0,0,0
162,Timothy Fosu-Mensah,NED,DF,Manchester Utd,22,1,1,80,0.9,0,0,0,0,0,0,0,0,0,0,0.3,0.3,0.03,0.31,0.34,0.03,0.34
163,Tyrese Francois,AUS,DF,Fulham,20,1,0,15,0.2,0,0,0,0,0,0,0,0,0,0,0,0,0,0,0,0,0
164,Ryan Fraser,SCO,FWMF,Newcastle Utd,26,18,9,928,10.3,0,2,0,0,0.19,0.19,0,0.19,0.9,0.9,2.1,3,0.09,0.2,0.29,0.09,0.29
165,Fred,BRA,MF,Manchester Utd,27,30,27,2390,26.6,1,0,1,0.04,0,0.04,0.04,0.04,1.9,1.9,2.5,4.5,0.07,0.1,0.17,0.07,0.17
166,Ryan Fredericks,ENG,DFFW,West Ham,27,14,6,569,6.3,1,1,1,0.16,0.16,0.32,0.16,0.32,0.3,0.3,1.2,1.5,0.05,0.19,0.24,0.05,0.24
167,Christian Fuchs,AUT,DF,Leicester City,34,9,8,702,7.8,0,0,0,0,0,0,0,0,0.1,0.1,0,0.1,0.01,0,0.01,0.01,0.01
168,Darnell Furlong,ENG,DF,West Brom,24,35,32,2932,32.6,1,3,1,0.03,0.09,0.12,0.03,0.12,2,2,2.1,4.1,0.06,0.06,0.13,0.06,0.13
169,Conor Gallagher,ENG,MF,West Brom,20,30,28,2531,28.1,2,2,2,0.07,0.07,0.14,0.07,0.14,1.8,1.8,1.6,3.4,0.06,0.06,0.12,0.06,0.12
170,Eric García,ESP,DF,Manchester City,19,6,3,383,4.3,0,0,0,0,0,0,0,0,0.1,0.1,0.1,0.2,0.03,0.02,0.05,0.03,0.05
171,Dwight Gayle,ENG,FWMF,Newcastle Utd,29,18,4,514,5.7,1,1,1,0.18,0.18,0.35,0.18,0.35,2,2,0.5,2.6,0.36,0.09,0.45,0.36,0.45
172,Jean-Philippe Gbamin,CIV,MF,Everton,24,1,0,12,0.1,0,0,0,0,0,0,0,0,0,0,0,0,0,0,0,0,0
173,David de Gea,ESP,GK,Manchester Utd,29,26,26,2295,25.5,0,0,0,0,0,0,0,0,0,0,0,0,0,0,0,0,0
174,Anwar El Ghazi,NED,FW,Aston Villa,25,28,17,1613,17.9,10,0,6,0.56,0,0.56,0.33,0.33,8.1,5.1,2.3,7.3,0.45,0.13,0.58,0.28,0.41
175,Kieran Gibbs,ENG,DF,West Brom,30,10,9,809,9,0,0,0,0,0,0,0,0,0,0,0.3,0.3,0.01,0.03,0.04,0.01,0.04
176,Morgan Gibbs-White,ENG,FWMF,Wolves,20,11,4,414,4.6,1,0,1,0.22,0,0.22,0.22,0.22,1,1,0.6,1.6,0.21,0.13,0.34,0.21,0.34
177,Billy Gilmour,SCO,MF,Chelsea,19,5,3,261,2.9,0,0,0,0,0,0,0,0,0,0,0.1,0.2,0.01,0.04,0.06,0.01,0.06
178,Olivier Giroud,FRA,FW,Chelsea,33,17,8,748,8.3,4,0,4,0.48,0,0.48,0.48,0.48,4.8,4.8,0.7,5.5,0.58,0.09,0.66,0.58,0.66
179,Ben Godfrey,ENG,DF,Everton,22,31,29,2685,29.8,0,2,0,0,0.07,0.07,0,0.07,0.9,0.9,0.5,1.4,0.03,0.02,0.05,0.03,0.05
180,André Gomes,POR,MF,Everton,27,28,17,1570,17.4,0,1,0,0,0.06,0.06,0,0.06,0.5,0.5,1,1.4,0.03,0.05,0.08,0.03,0.08
181,Joe Gomez,ENG,DF,Liverpool,23,7,6,590,6.6,0,0,0,0,0,0,0,0,0,0,0,0,0,0,0,0,0
182,Anthony Gordon,ENG,FWMF,Everton,19,3,1,88,1,0,0,0,0,0,0,0,0,0,0,0,0,0,0.03,0.03,0,0.03
183,Karlan Grant,ENG,FWMF,West Brom,22,21,14,1127,12.5,1,0,1,0.08,0,0.08,0.08,0.08,2.1,2.1,0,2.1,0.17,0,0.17,0.17,0.17
184,Demarai Gray,ENG,FW,Leicester City,24,1,0,19,0.2,0,0,0,0,0,0,0,0,0.1,0.1,0,0.1,0.43,0,0.43,0.43,0.43
185,Jack Grealish,ENG,FWMF,Aston Villa,24,26,24,2185,24.3,6,10,6,0.25,0.41,0.66,0.25,0.66,4.3,4.3,8.6,12.9,0.18,0.35,0.53,0.18,0.53
186,Mason Greenwood,ENG,FW,Manchester Utd,18,31,21,1822,20.2,7,2,7,0.35,0.1,0.44,0.35,0.44,7.4,7.4,1.8,9.2,0.37,0.09,0.45,0.37,0.45
187,Pascal Groß,GER,MFDF,Brighton,29,34,27,2484,27.6,3,8,0,0.11,0.29,0.4,0,0.29,5.6,2.5,5.5,8,0.2,0.2,0.4,0.09,0.29
188,Kamil Grosicki,POL,FWMF,West Brom,32,3,2,148,1.6,0,1,0,0,0.61,0.61,0,0.61,0.1,0.1,0.1,0.2,0.06,0.07,0.13,0.06,0.13
189,Vicente Guaita,ESP,GK,Crystal Palace,33,37,37,3330,37,0,0,0,0,0,0,0,0,0,0,0,0,0,0,0,0,0
190,İlkay Gündoğan,GER,MF,Manchester City,29,28,23,2029,22.5,13,2,12,0.58,0.09,0.67,0.53,0.62,9,7.5,4.5,12,0.4,0.2,0.6,0.33,0.53
191,Antwoine Hackford,ENG,DFFW,Sheffield Utd,16,1,0,11,0.1,0,0,0,0,0,0,0,0,0.1,0.1,0,0.1,1.16,0,1.16,1.16,1.16
192,Sébastien Haller,CIV,FW,West Ham,26,16,10,937,10.4,3,0,3,0.29,0,0.29,0.29,0.29,2.9,2.9,1.2,4.1,0.28,0.12,0.4,0.28,0.4
193,Rekeem Harper,ENG,MF,West Brom,20,2,0,32,0.4,0,0,0,0,0,0,0,0,0,0,0,0,0.12,0,0.12,0.12,0.12
194,Jack Harrison,ENG,MF,Leeds United,23,36,34,2847,31.6,8,8,8,0.25,0.25,0.51,0.25,0.51,6.6,6.6,7.1,13.7,0.21,0.22,0.43,0.21,0.43
195,Kortney Hause,ENG,DF,Aston Villa,25,7,7,630,7,1,0,1,0.14,0,0.14,0.14,0.14,1.2,1.2,0,1.2,0.17,0,0.17,0.17,0.17
196,Kai Havertz,GER,MFFW,Chelsea,21,27,18,1520,16.9,4,3,4,0.24,0.18,0.41,0.24,0.41,6.3,6.3,1.6,7.8,0.37,0.09,0.46,0.37,0.46
197,Isaac Hayden,ENG,MFDF,Newcastle Utd,25,24,22,1942,21.6,0,0,0,0,0,0,0,0,0.5,0.5,0.4,0.9,0.02,0.02,0.04,0.02,0.04
198,Michael Hector,JAM,DF,Fulham,28,4,3,263,2.9,0,0,0,0,0,0,0,0,0.1,0.1,0,0.1,0.03,0.01,0.04,0.03,0.04
199,Ahmed Hegazi,EGY,DF,West Brom,29,1,1,90,1,0,0,0,0,0,0,0,0,0,0,0,0,0,0,0,0,0
200,Dean Henderson,ENG,GK,Manchester Utd,23,13,12,1125,12.5,0,0,0,0,0,0,0,0,0,0,0,0,0,0,0,0,0
201,Jordan Henderson,ENG,MFDF,Liverpool,30,21,20,1704,18.9,1,1,1,0.05,0.05,0.11,0.05,0.11,1.7,1.7,1.4,3,0.09,0.07,0.16,0.09,0.16
202,Jeff Hendrick,IRL,MF,Newcastle Utd,28,22,17,1422,15.8,2,1,2,0.13,0.06,0.19,0.13,0.19,1.1,1.1,0.7,1.8,0.07,0.05,0.11,0.07,0.11
203,Pablo Hernández,ESP,MFFW,Leeds United,35,16,3,427,4.7,0,2,0,0,0.42,0.42,0,0.42,1.2,1.2,0.7,1.8,0.25,0.14,0.39,0.25,0.39
204,Son Heung-min,KOR,FW,Tottenham,28,37,36,3114,34.6,17,10,16,0.49,0.29,0.78,0.46,0.75,10.3,9.5,8.9,18.4,0.3,0.26,0.55,0.27,0.53
205,Ki-Jana Hoever,NED,DF,Wolves,18,12,5,577,6.4,0,0,0,0,0,0,0,0,0.1,0.1,0.2,0.3,0.01,0.03,0.04,0.01,0.04
206,Rob Holding,ENG,DF,Arsenal,24,30,28,2558,28.4,0,1,0,0,0.04,0.04,0,0.04,1.1,1.1,0.2,1.4,0.04,0.01,0.05,0.04,0.05
207,Mason Holgate,ENG,DF,Everton,23,28,26,2287,25.4,1,0,1,0.04,0,0.04,0.04,0.04,0.8,0.8,0.6,1.4,0.03,0.03,0.06,0.03,0.06
208,Conor Hourihane,IRL,MF,Aston Villa,29,4,3,225,2.5,1,1,1,0.4,0.4,0.8,0.4,0.8,0.5,0.5,0.8,1.3,0.2,0.32,0.52,0.2,0.52
209,Callum Hudson-Odoi,ENG,FWDF,Chelsea,19,23,10,1059,11.8,2,3,2,0.17,0.25,0.42,0.17,0.42,1.4,1.4,3.1,4.5,0.12,0.26,0.38,0.12,0.38
210,Niall Huggins,WAL,DF,Leeds United,19,1,0,38,0.4,0,0,0,0,0,0,0,0,0,0,0,0,0,0,0,0,0
211,Pierre Højbjerg,DEN,MF,Tottenham,24,38,38,3420,38,2,4,2,0.05,0.11,0.16,0.05,0.16,1.1,1.1,1.9,3,0.03,0.05,0.08,0.03,0.08
212,Odion Ighalo,NGA,FW,Manchester Utd,31,1,0,10,0.1,0,0,0,0,0,0,0,0,0,0,0,0,0,0,0,0,0
213,Kelechi Iheanacho,NGA,FW,Leicester City,23,25,16,1459,16.2,12,2,12,0.74,0.12,0.86,0.74,0.86,7.8,7,2.9,10,0.48,0.18,0.66,0.43,0.62
214,Danny Ings,ENG,FW,Southampton,28,29,26,2173,24.1,12,4,10,0.5,0.17,0.66,0.41,0.58,8.3,6.7,2.6,9.3,0.34,0.11,0.45,0.28,0.39
215,Branislav Ivanović,SRB,DF,West Brom,36,13,8,767,8.5,0,0,0,0,0,0,0,0,0.6,0.6,0.1,0.6,0.06,0.01,0.07,0.06,0.07
216,Alex Iwobi,NGA,FWDF,Everton,24,30,17,1542,17.1,1,2,1,0.06,0.12,0.18,0.06,0.18,1.1,1.1,1.8,2.9,0.06,0.11,0.17,0.06,0.17
217,José Izquierdo,COL,DFMF,Brighton,28,1,0,9,0.1,0,0,0,0,0,0,0,0,0,0,0,0,0.12,0,0.12,0.12,0.12
218,Phil Jagielka,ENG,DF,Sheffield Utd,37,10,6,526,5.8,0,0,0,0,0,0,0,0,0,0,0,0,0,0,0,0,0
219,Alireza Jahanbakhsh,IRN,FWMF,Brighton,26,21,6,528,5.9,0,1,0,0,0.17,0.17,0,0.17,1.6,1.6,3.2,4.8,0.28,0.54,0.82,0.28,0.82
220,Daniel James,WAL,FW,Manchester Utd,22,15,11,910,10.1,3,1,3,0.3,0.1,0.4,0.3,0.4,2.3,2.3,1.2,3.5,0.23,0.12,0.34,0.23,0.34
221,Reece James,ENG,DF,Chelsea,20,32,25,2373,26.4,1,2,1,0.04,0.08,0.11,0.04,0.11,1.6,1.6,3,4.6,0.06,0.12,0.18,0.06,0.18
222,Alexandre Jankewitz,SUI,MF,Southampton,18,2,1,3,0,0,0,0,0,0,0,0,0,0,0,0,0,0,0,0,0,0
223,Daniel Jebbison,ENG,FW,Sheffield Utd,17,4,3,284,3.2,1,0,1,0.32,0,0.32,0.32,0.32,1.6,1.6,0,1.6,0.5,0.01,0.51,0.5,0.51
224,Gabriel Jesus,BRA,FW,Manchester City,23,29,22,2063,22.9,9,4,9,0.39,0.17,0.57,0.39,0.57,8.8,8.8,3.4,12.2,0.38,0.15,0.53,0.38,0.53
225,Raúl Jiménez,MEX,FW,Wolves,29,10,10,823,9.1,4,0,4,0.44,0,0.44,0.44,0.44,2.4,2.4,0.8,3.1,0.26,0.08,0.34,0.26,0.34
226,Joelinton,BRA,FWMF,Newcastle Utd,23,31,23,1983,22,4,2,3,0.18,0.09,0.27,0.14,0.23,6.1,5.3,2.1,7.5,0.28,0.1,0.37,0.24,0.34
227,Ben Johnson,ENG,DF,West Ham,20,14,5,523,5.8,1,0,1,0.17,0,0.17,0.17,0.17,0.4,0.4,0.2,0.6,0.06,0.04,0.1,0.06,0.1
228,Sam Johnstone,ENG,GK,West Brom,27,37,37,3330,37,0,1,0,0,0.03,0.03,0,0.03,0,0,0.4,0.4,0,0.01,0.01,0,0.01
229,Curtis Jones,ENG,MF,Liverpool,19,24,13,1179,13.1,1,2,1,0.08,0.15,0.23,0.08,0.23,1.4,1.4,1.6,3,0.11,0.12,0.23,0.11,0.23
230,Jorginho,ITA,MF,Chelsea,28,28,23,2010,22.3,7,1,0,0.31,0.04,0.36,0,0.04,7,0.1,2.1,2.2,0.31,0.09,0.41,0.01,0.1
231,Willian José,BRA,FW,Wolves,28,17,12,1110,12.3,1,0,1,0.08,0,0.08,0.08,0.08,1.9,1.9,0.6,2.4,0.15,0.05,0.2,0.15,0.2
232,Diogo Jota,POR,FW,Liverpool,23,19,12,1112,12.4,9,0,9,0.73,0,0.73,0.73,0.73,6.6,6.6,1.6,8.2,0.53,0.13,0.66,0.53,0.66
233,James Justin,ENG,DF,Leicester City,22,23,23,2070,23,2,1,2,0.09,0.04,0.13,0.09,0.13,1.6,1.6,1.6,3.2,0.07,0.07,0.14,0.07,0.14
234,Ozan Kabak,TUR,DF,Liverpool,20,9,9,801,8.9,0,0,0,0,0,0,0,0,0.1,0.1,0.2,0.3,0.01,0.02,0.03,0.01,0.03
235,Aboubakar Kamara,MTN,FWDF,Fulham,25,11,2,315,3.5,0,0,0,0,0,0,0,0,0.4,0.4,0.4,0.8,0.11,0.11,0.22,0.11,0.22
236,Harry Kane,ENG,FW,Tottenham,27,35,35,3082,34.2,23,14,19,0.67,0.41,1.08,0.55,0.96,20.5,17.5,7.4,24.8,0.6,0.22,0.81,0.51,0.73
237,N'Golo Kanté,FRA,MF,Chelsea,29,30,24,2146,23.8,0,2,0,0,0.08,0.08,0,0.08,0.9,0.9,1.1,2,0.04,0.05,0.08,0.04,0.08
238,Moise Kean,ITA,FW,Everton,20,2,0,15,0.2,0,0,0,0,0,0,0,0,0,0,0,0,0.21,0,0.21,0.21,0.21
239,Michael Keane,ENG,DF,Everton,27,35,33,2991,33.2,3,1,3,0.09,0.03,0.12,0.09,0.12,1.2,1.2,1.1,2.3,0.04,0.03,0.07,0.04,0.07
240,Neeskens Kebano,COD,FWMF,Fulham,28,5,1,119,1.3,0,0,0,0,0,0,0,0,0.3,0.3,0,0.3,0.22,0,0.22,0.22,0.22
241,Naby Keïta,GUI,MF,Liverpool,25,10,7,520,5.8,0,0,0,0,0,0,0,0,0.5,0.5,0.8,1.3,0.09,0.14,0.23,0.09,0.23
242,Caoimhín Kelleher,IRL,GK,Liverpool,21,2,2,180,2,0,0,0,0,0,0,0,0,0,0,0,0,0,0,0,0,0
243,Martin Kelly,ENG,DF,Crystal Palace,30,1,0,2,0,0,0,0,0,0,0,0,0,0,0,0,0,0,0,0,0,0
244,Jonjoe Kenny,ENG,DF,Everton,23,4,1,79,0.9,0,0,0,0,0,0,0,0,0,0,0,0,0,0,0,0,0
245,Reda Khadra,GER,FW,Brighton,19,1,0,5,0.1,0,0,0,0,0,0,0,0,0,0,0,0,0,0,0,0,0
246,Max Kilman,ENG,DF,Wolves,23,18,14,1310,14.6,0,1,0,0,0.07,0.07,0,0.07,0.4,0.4,0.5,1,0.03,0.04,0.07,0.03,0.07
247,Joshua King,NOR,MFFW,Everton,28,11,0,148,1.6,0,0,0,0,0,0,0,0,0.8,0.8,0,0.8,0.48,0,0.48,0.48,0.48
248,Mateusz Klich,POL,MF,Leeds United,30,35,28,2393,26.6,4,5,2,0.15,0.19,0.34,0.08,0.26,3.3,1.8,3.9,5.7,0.13,0.15,0.27,0.07,0.22
249,Robin Koch,GER,DFMF,Leeds United,24,17,13,1132,12.6,0,0,0,0,0,0,0,0,0.8,0.8,0.2,1,0.06,0.01,0.08,0.06,0.08
250,Sead Kolašinac,BIH,DF,Arsenal,27,1,1,90,1,0,0,0,0,0,0,0,0,0,0,0,0,0,0,0,0,0
251,Terence Kongolo,NED,DF,Fulham,26,1,1,90,1,0,0,0,0,0,0,0,0,0,0,0,0,0,0.03,0.03,0,0.03
252,Ezri Konsa,ENG,DF,Aston Villa,22,36,35,3196,35.5,2,0,2,0.06,0,0.06,0.06,0.06,2.1,2.1,0.2,2.3,0.06,0.01,0.07,0.06,0.07
253,Cheikhou Kouyaté,SEN,DF,Crystal Palace,30,36,35,3121,34.7,1,0,1,0.03,0,0.03,0.03,0.03,0.8,0.8,0.2,1,0.02,0.01,0.03,0.02,0.03
254,Mateo Kovačić,CRO,MF,Chelsea,26,27,21,1815,20.2,0,1,0,0,0.05,0.05,0,0.05,1,1,1.8,2.9,0.05,0.09,0.14,0.05,0.14
255,Emil Krafth,SWE,DF,Newcastle Utd,25,16,14,1288,14.3,1,0,1,0.07,0,0.07,0.07,0.07,0.2,0.2,0.4,0.5,0.01,0.03,0.04,0.01,0.04
256,Filip Krovinović,CRO,MF,West Brom,24,11,5,546,6.1,0,0,0,0,0,0,0,0,0.2,0.2,0.3,0.5,0.04,0.05,0.09,0.04,0.09
257,Alexandre Lacazette,FRA,FW,Arsenal,29,31,22,1923,21.4,13,2,10,0.61,0.09,0.7,0.47,0.56,9.7,7.4,2.7,10.1,0.46,0.13,0.58,0.35,0.47
258,Adam Lallana,ENG,MFFW,Brighton,32,30,16,1596,17.7,1,1,1,0.06,0.06,0.11,0.06,0.11,2.4,2.4,2.8,5.3,0.14,0.16,0.3,0.14,0.3
259,Érik Lamela,ARG,FWMF,Tottenham,28,23,5,717,8,1,0,1,0.13,0,0.13,0.13,0.13,1.4,1.4,0.9,2.4,0.18,0.12,0.3,0.18,0.3
260,Tariq Lamptey,ENG,DF,Brighton,19,11,11,886,9.8,1,1,1,0.1,0.1,0.2,0.1,0.2,0.6,0.6,1.1,1.7,0.06,0.11,0.17,0.06,0.17
261,Manuel Lanzini,ARG,MFFW,West Ham,27,17,5,566,6.3,1,1,1,0.16,0.16,0.32,0.16,0.32,1.2,1.2,0.9,2,0.18,0.14,0.32,0.18,0.32
262,Aymeric Laporte,ESP,DF,Manchester City,26,16,14,1344,14.9,0,0,0,0,0,0,0,0,0.8,0.8,0.7,1.5,0.05,0.05,0.1,0.05,0.1
263,Jamaal Lascelles,ENG,DF,Newcastle Utd,26,19,19,1625,18.1,2,0,2,0.11,0,0.11,0.11,0.11,1,1,0,1,0.05,0,0.06,0.05,0.06
264,Maxime Le Marchand,FRA,DF,Fulham,30,2,1,123,1.4,0,0,0,0,0,0,0,0,0,0,0,0,0.01,0,0.01,0.01,0.01
265,Mario Lemina,GAB,MF,Fulham,26,28,19,1703,18.9,1,0,1,0.05,0,0.05,0.05,0.05,0.9,0.9,0.8,1.8,0.05,0.04,0.09,0.05,0.09
266,Bernd Leno,GER,GK,Arsenal,28,35,35,3131,34.8,0,0,0,0,0,0,0,0,0,0,0,0,0,0,0,0,0
267,Khanya Leshabela,RSA,MF,Leicester City,20,1,0,10,0.1,0,0,0,0,0,0,0,0,0,0,0,0,0,0,0,0,0
268,Jamal Lewis,NIR,DF,Newcastle Utd,22,24,20,1837,20.4,0,1,0,0,0.05,0.05,0,0.05,0.2,0.2,1.6,1.8,0.01,0.08,0.09,0.01,0.09
269,Victor Lindelöf,SWE,DF,Manchester Utd,26,29,29,2585,28.7,1,1,1,0.03,0.03,0.07,0.03,0.07,0.7,0.7,0.7,1.3,0.02,0.02,0.05,0.02,0.05
270,Jesse Lingard,ENG,MFFW,West Ham,27,16,16,1421,15.8,9,4,8,0.57,0.25,0.82,0.51,0.76,5.1,3.4,1.5,4.9,0.32,0.09,0.42,0.22,0.31
271,Jake Livermore,ENG,MF,West Brom,30,18,15,1242,13.8,0,0,0,0,0,0,0,0,0.2,0.2,0.2,0.5,0.02,0.02,0.03,0.02,0.03
272,Diego Llorente,ESP,DF,Leeds United,26,15,14,1204,13.4,1,0,1,0.07,0,0.07,0.07,0.07,0.7,0.7,0.6,1.4,0.06,0.05,0.1,0.06,0.1
273,Hugo Lloris,FRA,GK,Tottenham,33,38,38,3420,38,0,0,0,0,0,0,0,0,0,0,0,0,0,0,0,0,0
274,Giovani Lo Celso,ARG,MF,Tottenham,24,18,11,945,10.5,1,1,1,0.1,0.1,0.19,0.1,0.19,1.2,1.2,1.3,2.4,0.11,0.12,0.23,0.11,0.23
275,Ruben Loftus-Cheek,ENG,MFFW,Fulham,24,30,21,1909,21.2,1,0,1,0.05,0,0.05,0.05,0.05,3.1,3.1,1.4,4.5,0.15,0.07,0.21,0.15,0.21
276,Ruben Loftus-Cheek,ENG,FW,Chelsea,24,1,1,60,0.7,0,0,0,0,0,0,0,0,0,0,0,0,0,0,0,0,0
277,Kevin Long,IRL,DF,Burnley,29,8,7,637,7.1,0,0,0,0,0,0,0,0,0.3,0.3,0,0.3,0.04,0,0.04,0.04,0.04
278,Shane Long,IRL,FWMF,Southampton,33,11,1,210,2.3,0,0,0,0,0,0,0,0,0,0,0,0,0.02,0,0.02,0.02,0.02
279,Matthew Longstaff,ENG,MF,Newcastle Utd,20,5,4,377,4.2,0,0,0,0,0,0,0,0,0,0,0.1,0.1,0,0.02,0.02,0,0.02
280,Sean Longstaff,ENG,MF,Newcastle Utd,22,22,15,1412,15.7,0,1,0,0,0.06,0.06,0,0.06,1.4,1.4,1.1,2.5,0.09,0.07,0.16,0.09,0.16
281,Ademola Lookman,ENG,FWMF,Fulham,22,34,31,2747,30.5,4,4,4,0.13,0.13,0.26,0.13,0.26,5.5,4.8,5.2,10,0.18,0.17,0.35,0.16,0.33
282,Max Lowe,ENG,DF,Sheffield Utd,23,8,7,550,6.1,0,0,0,0,0,0,0,0,0.1,0.1,0.2,0.3,0.01,0.03,0.04,0.01,0.04
283,Matthew Lowton,ENG,DF,Burnley,31,34,34,3060,34,1,1,1,0.03,0.03,0.06,0.03,0.06,0.7,0.7,2.3,3,0.02,0.07,0.09,0.02,0.09
284,David Luiz,BRA,DF,Arsenal,33,20,17,1396,15.5,1,0,1,0.06,0,0.06,0.06,0.06,0.9,0.9,0.4,1.3,0.06,0.03,0.09,0.06,0.09
285,Douglas Luiz,BRA,MF,Aston Villa,22,33,32,2781,30.9,0,2,0,0,0.06,0.06,0,0.06,1.5,1.5,1.5,3,0.05,0.05,0.1,0.05,0.1
286,John Lundstram,ENG,MF,Sheffield Utd,26,28,23,2032,22.6,0,2,0,0,0.09,0.09,0,0.09,2,1.3,1.2,2.5,0.09,0.05,0.14,0.06,0.11
287,Alexis Mac Allister,ARG,MFFW,Brighton,21,21,13,1115,12.4,1,1,1,0.08,0.08,0.16,0.08,0.16,1.1,1.1,2.4,3.5,0.09,0.19,0.28,0.09,0.28
288,James Maddison,ENG,MFFW,Leicester City,23,31,24,2099,23.3,8,5,8,0.34,0.21,0.56,0.34,0.56,4.4,4.4,5.3,9.7,0.19,0.23,0.42,0.19,0.42
289,Harry Maguire,ENG,DF,Manchester Utd,27,34,34,3047,33.9,2,1,2,0.06,0.03,0.09,0.06,0.09,2.1,2.1,0.3,2.4,0.06,0.01,0.07,0.06,0.07
290,Riyad Mahrez,ALG,FW,Manchester City,29,27,23,1949,21.7,9,6,9,0.42,0.28,0.69,0.42,0.69,5.6,5.6,5.9,11.5,0.26,0.27,0.53,0.26,0.53
291,Ainsley Maitland-Niles,ENG,MF,West Brom,22,15,14,1230,13.7,0,0,0,0,0,0,0,0,0.7,0.7,0.7,1.4,0.05,0.05,0.1,0.05,0.1
292,Ainsley Maitland-Niles,ENG,DF,Arsenal,22,11,5,490,5.4,0,0,0,0,0,0,0,0,0.1,0.1,0.2,0.3,0.02,0.04,0.06,0.02,0.06
293,Josh Maja,NGA,FWMF,Fulham,21,15,9,810,9,3,0,2,0.33,0,0.33,0.22,0.22,4.8,4,1.1,5.1,0.53,0.12,0.65,0.45,0.57
294,Sadio Mané,SEN,FW,Liverpool,28,35,31,2810,31.2,11,7,11,0.35,0.22,0.58,0.35,0.58,15.2,15.2,5.7,20.9,0.49,0.18,0.67,0.49,0.67
295,Javier Manquillo,ESP,DF,Newcastle Utd,26,13,10,825,9.2,0,0,0,0,0,0,0,0,0,0,0.2,0.3,0,0.03,0.03,0,0.03
296,Fernando Marçal,BRA,DF,Wolves,31,13,7,623,6.9,0,0,0,0,0,0,0,0,0.1,0.1,0.2,0.2,0.01,0.02,0.03,0.01,0.03
297,Solly March,ENG,DF,Brighton,26,21,19,1672,18.6,2,1,2,0.11,0.05,0.16,0.11,0.16,1.7,1.7,1.7,3.4,0.09,0.09,0.18,0.09,0.18
298,Pablo Marí,ESP,DF,Arsenal,26,10,10,900,10,0,0,0,0,0,0,0,0,0,0,0,0,0,0,0,0,0
299,Anthony Martial,FRA,FW,Manchester Utd,24,22,17,1480,16.4,4,3,4,0.24,0.18,0.43,0.24,0.43,6.5,6.5,2,8.5,0.4,0.12,0.51,0.4,0.51
300,Martinelli,BRA,FW,Arsenal,19,14,7,589,6.5,2,1,2,0.31,0.15,0.46,0.31,0.46,3.4,3.4,2.1,5.5,0.53,0.32,0.85,0.53,0.85
301,Emiliano Martínez,ARG,GK,Aston Villa,27,38,38,3420,38,0,0,0,0,0,0,0,0,0,0,0.2,0.2,0,0.01,0.01,0,0.01
302,Arthur Masuaku,COD,DFFW,West Ham,26,12,12,1006,11.2,0,2,0,0,0.18,0.18,0,0.18,0.3,0.3,1.9,2.2,0.03,0.17,0.19,0.03,0.19
303,Juan Mata,ESP,FWMF,Manchester Utd,32,9,6,509,5.7,1,2,0,0.18,0.35,0.53,0,0.35,1.1,0.3,0.8,1.2,0.19,0.15,0.34,0.06,0.21
304,Jean-Philippe Mateta,FRA,FW,Crystal Palace,23,7,2,221,2.5,1,0,1,0.41,0,0.41,0.41,0.41,0.2,0.2,0,0.2,0.08,0.01,0.09,0.08,0.09
305,Nemanja Matić,SRB,MF,Manchester Utd,31,20,12,1106,12.3,0,0,0,0,0,0,0,0,0.3,0.3,0.4,0.7,0.02,0.03,0.06,0.02,0.06
306,Joël Matip,CMR,DF,Liverpool,28,10,9,691,7.7,1,2,1,0.13,0.26,0.39,0.13,0.39,0.6,0.6,1,1.7,0.08,0.14,0.22,0.08,0.22
307,Neal Maupay,FRA,FWMF,Brighton,23,33,29,2512,27.9,8,2,5,0.29,0.07,0.36,0.18,0.25,13,9.9,3.6,13.5,0.46,0.13,0.59,0.36,0.48
308,James McArthur,SCO,MF,Crystal Palace,32,18,17,1466,16.3,0,2,0,0,0.12,0.12,0,0.12,0.2,0.2,0.9,1.1,0.01,0.05,0.07,0.01,0.07
309,Oliver McBurnie,SCO,FW,Sheffield Utd,24,23,12,1324,14.7,1,0,1,0.07,0,0.07,0.07,0.07,3.1,3.1,1.1,4.1,0.21,0.07,0.28,0.21,0.28
310,Alex McCarthy,ENG,GK,Southampton,30,30,30,2700,30,0,0,0,0,0,0,0,0,0,0,0,0,0,0,0,0,0
311,James McCarthy,IRL,MF,Crystal Palace,29,16,10,821,9.1,0,0,0,0,0,0,0,0,0,0,0.3,0.3,0,0.03,0.03,0,0.03
312,John McGinn,SCO,MF,Aston Villa,25,37,37,3330,37,3,5,3,0.08,0.14,0.22,0.08,0.22,2.2,2.2,3,5.3,0.06,0.08,0.14,0.06,0.14
313,David McGoldrick,IRL,FWMF,Sheffield Utd,32,35,28,2397,26.6,8,1,8,0.3,0.04,0.34,0.3,0.34,6.9,6.9,1.3,8.2,0.26,0.05,0.31,0.26,0.31
314,Dwight McNeil,ENG,MF,Burnley,20,36,34,3069,34.1,2,5,2,0.06,0.15,0.21,0.06,0.21,1.1,1.1,6.5,7.6,0.03,0.19,0.22,0.03,0.22
315,Scott McTominay,SCO,MF,Manchester Utd,23,32,24,2129,23.7,4,1,4,0.17,0.04,0.21,0.17,0.21,2.1,2.1,0.9,3.1,0.09,0.04,0.13,0.09,0.13
316,Ben Mee,ENG,DF,Burnley,30,30,30,2693,29.9,2,0,2,0.07,0,0.07,0.07,0.07,1.6,1.6,0.3,2,0.06,0.01,0.07,0.06,0.07
317,Hannibal Mejbri,TUN,MF,Manchester Utd,17,1,0,9,0.1,0,0,0,0,0,0,0,0,0,0,0,0,0,0,0,0,0
318,Benjamin Mendy,FRA,DF,Manchester City,26,13,11,953,10.6,2,1,2,0.19,0.09,0.28,0.19,0.28,0.4,0.4,0.4,0.9,0.04,0.04,0.08,0.04,0.08
319,Edouard Mendy,SEN,GK,Chelsea,28,31,31,2745,30.5,0,0,0,0,0,0,0,0,0,0,0,0,0,0,0,0,0
320,Nampalys Mendy,SEN,MF,Leicester City,28,23,15,1459,16.2,0,1,0,0,0.06,0.06,0,0.06,0.1,0.1,0.4,0.4,0.01,0.02,0.03,0.01,0.03
321,Illan Meslier,FRA,GK,Leeds United,20,35,35,3150,35,0,0,0,0,0,0,0,0,0,0,0.1,0.1,0,0,0,0,0
322,Luka Milivojević,SRB,MF,Crystal Palace,29,31,27,2359,26.2,1,1,0,0.04,0.04,0.08,0,0.04,2.3,0.8,1.3,2.1,0.09,0.05,0.14,0.03,0.08
323,James Milner,ENG,MFDF,Liverpool,34,26,11,1070,11.9,0,1,0,0,0.08,0.08,0,0.08,0.4,0.4,1.2,1.7,0.04,0.1,0.14,0.04,0.14
324,Yerry Mina,COL,DF,Everton,25,24,23,1937,21.5,2,0,2,0.09,0,0.09,0.09,0.09,1.3,1.3,0,1.3,0.06,0,0.06,0.06,0.06
325,Takumi Minamino,JPN,MFFW,Liverpool,25,9,2,293,3.3,1,0,1,0.31,0,0.31,0.31,0.31,0.7,0.7,0,0.7,0.2,0,0.2,0.2,0.2
326,Takumi Minamino,JPN,MFFW,Southampton,25,10,9,711,7.9,2,0,2,0.25,0,0.25,0.25,0.25,1.2,1.2,0.5,1.7,0.15,0.07,0.22,0.15,0.22
327,Tyrone Mings,ENG,DF,Aston Villa,27,36,36,3194,35.5,2,2,2,0.06,0.06,0.11,0.06,0.11,1.9,1.9,0.6,2.5,0.05,0.02,0.07,0.05,0.07
328,Tyrick Mitchell,ENG,DF,Crystal Palace,20,19,19,1710,19,1,1,1,0.05,0.05,0.11,0.05,0.11,0.4,0.4,0.4,0.8,0.02,0.02,0.04,0.02,0.04
329,Aleksandar Mitrović,SRB,FW,Fulham,25,27,13,1402,15.6,3,3,2,0.19,0.19,0.39,0.13,0.32,6.5,5,2.6,7.6,0.42,0.17,0.59,0.32,0.49
330,Jakub Moder,POL,DFMF,Brighton,21,12,7,647,7.2,0,0,0,0,0,0,0,0,0.9,0.9,0.2,1,0.12,0.02,0.14,0.12,0.14
331,Jayson Molumby,IRL,MF,Brighton,20,1,0,1,0,0,0,0,0,0,0,0,0,0,0,0,0,0,0,0,0,0
332,Wesley Moraes,BRA,MFFW,Aston Villa,23,3,0,18,0.2,0,0,0,0,0,0,0,0,0,0,0,0,0.12,0,0.12,0.12,0.12
333,Wes Morgan,JAM,DF,Leicester City,36,3,0,18,0.2,0,0,0,0,0,0,0,0,0,0,0,0,0,0,0,0,0
334,Mason Mount,ENG,MFFW,Chelsea,21,36,32,2890,32.1,6,5,5,0.19,0.16,0.34,0.16,0.31,6.8,6,7.8,13.8,0.21,0.24,0.45,0.19,0.43
335,Lucas Moura,BRA,FWMF,Tottenham,27,30,14,1411,15.7,3,4,3,0.19,0.26,0.45,0.19,0.45,2.2,2.2,2.3,4.5,0.14,0.14,0.29,0.14,0.29
336,Lys Mousset,FRA,FWMF,Sheffield Utd,24,11,2,296,3.3,0,0,0,0,0,0,0,0,0.7,0.7,0.3,1.1,0.22,0.1,0.32,0.22,0.32
337,João Moutinho,POR,MF,Wolves,33,33,28,2528,28.1,1,1,1,0.04,0.04,0.07,0.04,0.07,0.7,0.7,2.6,3.3,0.02,0.09,0.12,0.02,0.12
338,Joel Mumbongo,SWE,FW,Burnley,21,4,0,40,0.4,0,0,0,0,0,0,0,0,0,0,0,0,0,0,0,0,0
339,Jacob Murphy,ENG,DFMF,Newcastle Utd,25,26,17,1626,18.1,2,3,2,0.11,0.17,0.28,0.11,0.28,1.2,1.2,2.4,3.6,0.07,0.13,0.2,0.07,0.2
340,Shkodran Mustafi,GER,DF,Arsenal,28,3,0,47,0.5,0,0,0,0,0,0,0,0,0,0,0,0,0,0,0,0,0
341,Marvelous Nakamba,ZIM,MF,Aston Villa,26,13,9,749,8.3,0,0,0,0,0,0,0,0,0,0,0,0.1,0,0,0.01,0,0.01
342,Iliman Ndiaye,FRA,MF,Sheffield Utd,21,1,0,12,0.1,0,0,0,0,0,0,0,0,0,0,0,0,0,0,0,0,0
343,Wilfred Ndidi,NGA,MFDF,Leicester City,23,26,25,2176,24.2,1,4,1,0.04,0.17,0.21,0.04,0.21,0.8,0.8,1.5,2.2,0.03,0.06,0.09,0.03,0.09
344,Tanguy Ndombele,FRA,MF,Tottenham,23,33,28,2091,23.2,3,2,3,0.13,0.09,0.22,0.13,0.22,1.4,1.4,2.4,3.8,0.06,0.1,0.16,0.06,0.16
345,Reiss Nelson,ENG,FW,Arsenal,20,2,0,71,0.8,0,0,0,0,0,0,0,0,0,0,0,0,0.06,0,0.06,0.06,0.06
346,Pedro Neto,POR,FWMF,Wolves,20,31,30,2550,28.3,5,6,5,0.18,0.21,0.39,0.18,0.39,4.8,4.8,6.2,11,0.17,0.22,0.39,0.17,0.39
347,Rúben Neves,POR,MF,Wolves,23,36,31,2675,29.7,5,1,2,0.17,0.03,0.2,0.07,0.1,5.1,2.9,2.1,5,0.17,0.07,0.24,0.1,0.17
348,Eddie Nketiah,ENG,FW,Arsenal,21,17,4,423,4.7,2,1,2,0.43,0.21,0.64,0.43,0.64,2.4,2.4,0.8,3.3,0.52,0.18,0.7,0.52,0.7
349,Niels Nkounkou,FRA,DFFW,Everton,19,2,1,81,0.9,0,0,0,0,0,0,0,0,0,0,0,0,0.02,0,0.02,0.02,0.02
350,Dan Nlundulu,ENG,FW,Southampton,21,13,0,111,1.2,0,0,0,0,0,0,0,0,0.1,0.1,0,0.1,0.08,0.02,0.1,0.08,0.1
351,Mark Noble,ENG,MF,West Ham,33,21,8,712,7.9,0,0,0,0,0,0,0,0,0,0,0.2,0.2,0,0.03,0.03,0,0.03
352,Will Norris,ENG,GK,Burnley,26,2,2,180,2,0,0,0,0,0,0,0,0,0,0,0.1,0.1,0,0.04,0.04,0,0.04
353,Oliver Norwood,NIR,MF,Sheffield Utd,29,32,26,2220,24.7,0,0,0,0,0,0,0,0,0.5,0.5,1.7,2.1,0.02,0.07,0.09,0.02,0.09
354,Jack O'Connell,ENG,DF,Sheffield Utd,26,2,2,180,2,0,0,0,0,0,0,0,0,0,0,0,0,0,0,0,0,0
355,Dara O'Shea,IRL,DF,West Brom,21,28,25,2102,23.4,0,0,0,0,0,0,0,0,0.2,0.2,0.1,0.3,0.01,0.01,0.01,0.01,0.01
356,Michael Obafemi,IRL,FW,Southampton,20,4,0,61,0.7,0,0,0,0,0,0,0,0,0,0,0.1,0.1,0,0.16,0.16,0,0.16
357,Denis Odoi,BEL,DF,Fulham,32,3,3,270,3,0,0,0,0,0,0,0,0,0.1,0.1,0.1,0.1,0.03,0.02,0.05,0.03,0.05
358,Angelo Ogbonna,ITA,DF,West Ham,32,28,28,2492,27.7,3,0,3,0.11,0,0.11,0.11,0.11,1.5,1.5,1,2.5,0.05,0.04,0.09,0.05,0.09
359,Robin Olsen,SWE,GK,Everton,30,7,7,630,7,0,0,0,0,0,0,0,0,0,0,0,0,0,0,0,0,0
360,Josh Onomah,ENG,MF,Fulham,23,11,4,374,4.2,0,0,0,0,0,0,0,0,0.6,0.6,0.1,0.7,0.15,0.01,0.17,0.15,0.17
361,Divock Origi,BEL,FW,Liverpool,25,9,2,186,2.1,0,0,0,0,0,0,0,0,1,1,0.2,1.2,0.47,0.11,0.58,0.47,0.58
362,Ben Osborn,ENG,MFDF,Sheffield Utd,25,24,17,1604,17.8,1,0,1,0.06,0,0.06,0.06,0.06,1.2,1.2,2.1,3.3,0.07,0.12,0.19,0.07,0.19
363,Owen Otasowie,USA,MFFW,Wolves,19,6,2,187,2.1,0,1,0,0,0.48,0.48,0,0.48,0.6,0.6,0.1,0.7,0.27,0.07,0.34,0.27,0.34
364,Alex Oxlade-Chamberlain,ENG,FWMF,Liverpool,26,13,2,253,2.8,1,1,1,0.36,0.36,0.71,0.36,0.71,0.4,0.4,0.2,0.6,0.13,0.08,0.21,0.13,0.21
365,Emerson Palmieri,ITA,DF,Chelsea,25,2,0,90,1,0,0,0,0,0,0,0,0,0,0,0,0,0,0,0,0,0
366,Thomas Partey,GHA,MF,Arsenal,27,24,18,1534,17,0,2,0,0,0.12,0.12,0,0.12,1.3,1.3,1,2.3,0.08,0.06,0.14,0.08,0.14
367,Rui Patrício,POR,GK,Wolves,32,37,37,3329,37,0,0,0,0,0,0,0,0,0,0,0,0,0,0,0,0,0
368,Bailey Peacock-Farrell,NIR,GK,Burnley,23,4,4,360,4,0,0,0,0,0,0,0,0,0,0,0,0,0,0,0,0,0
369,Lee Peltier,ENG,DF,West Brom,33,4,3,229,2.5,0,0,0,0,0,0,0,0,0,0,0,0,0,0,0,0,0
370,Nicolas Pépé,CIV,FW,Arsenal,25,29,16,1616,18,10,1,9,0.56,0.06,0.61,0.5,0.56,7,6.2,0.9,7.1,0.39,0.05,0.44,0.35,0.39
371,Matheus Pereira,BRA,MFFW,West Brom,24,33,30,2577,28.6,11,6,7,0.38,0.21,0.59,0.24,0.45,7.2,4.1,5.4,9.5,0.25,0.19,0.44,0.14,0.33
372,Ricardo Pereira,POR,DF,Leicester City,26,15,10,959,10.7,0,1,0,0,0.09,0.09,0,0.09,0.4,0.4,0.5,0.9,0.04,0.05,0.09,0.04,0.09
373,Ayoze Pérez,ESP,MFFW,Leicester City,27,25,15,1331,14.8,2,1,2,0.14,0.07,0.2,0.14,0.2,3.2,3.2,1.3,4.5,0.22,0.08,0.3,0.22,0.3
374,Kalvin Phillips,ENG,MF,Leeds United,24,29,28,2428,27,1,2,1,0.04,0.07,0.11,0.04,0.11,0.4,0.4,3.8,4.1,0.01,0.14,0.15,0.01,0.15
375,Matt Phillips,SCO,MFFW,West Brom,29,33,20,1828,20.3,2,1,2,0.1,0.05,0.15,0.1,0.15,2.5,2.5,3.1,5.6,0.12,0.15,0.27,0.12,0.27
376,Nathaniel Phillips,ENG,DF,Liverpool,23,17,15,1456,16.2,1,1,1,0.06,0.06,0.12,0.06,0.12,1.1,1.1,0.4,1.5,0.07,0.02,0.09,0.07,0.09
377,Jaden Philogene Bidace,ENG,FW,Aston Villa,18,1,0,1,0,0,0,0,0,0,0,0,0,0,0,0,0,0,0,0,0,0
378,Jordan Pickford,ENG,GK,Everton,26,31,31,2742,30.5,0,0,0,0,0,0,0,0,0,0,0,0,0,0,0,0,0
379,Erik Pieters,NED,DFMF,Burnley,31,20,13,1266,14.1,0,1,0,0,0.07,0.07,0,0.07,0.2,0.2,0.5,0.7,0.01,0.03,0.05,0.01,0.05
380,Daniel Podence,POR,MFFW,Wolves,24,24,22,1661,18.5,3,2,3,0.16,0.11,0.27,0.16,0.27,3.1,3.1,1.9,5,0.17,0.1,0.27,0.17,0.27
381,Paul Pogba,FRA,MFFW,Manchester Utd,27,26,21,1897,21.1,3,3,3,0.14,0.14,0.28,0.14,0.28,2.1,2.1,2.1,4.2,0.1,0.1,0.2,0.1,0.2
382,Nick Pope,ENG,GK,Burnley,28,32,32,2880,32,0,0,0,0,0,0,0,0,0,0,0.4,0.4,0,0.01,0.01,0,0.01
383,Dennis Praet,BEL,MFFW,Leicester City,26,15,10,718,8,1,1,1,0.13,0.13,0.25,0.13,0.25,0.5,0.5,0.8,1.3,0.07,0.1,0.16,0.07,0.16
384,Davy Pröpper,NED,MF,Brighton,28,7,2,213,2.4,0,0,0,0,0,0,0,0,0.1,0.1,0,0.1,0.04,0,0.04,0.04,0.04
385,Christian Pulisic,USA,FWMF,Chelsea,21,27,18,1738,19.3,4,2,4,0.21,0.1,0.31,0.21,0.31,5.4,5.4,2.8,8.2,0.28,0.14,0.43,0.28,0.43
386,Aaron Ramsdale,ENG,GK,Sheffield Utd,22,38,38,3420,38,0,0,0,0,0,0,0,0,0,0,0.2,0.2,0,0,0,0,0
387,Jacob Ramsey,ENG,MF,Aston Villa,19,22,6,626,7,0,0,0,0,0,0,0,0,0.5,0.5,0.3,0.8,0.07,0.04,0.11,0.07,0.11
388,Kayne Ramsey,ENG,DF,Southampton,19,1,1,90,1,0,0,0,0,0,0,0,0,0,0,0,0,0,0,0,0,0
389,Darren Randolph,IRL,GK,West Ham,33,3,3,270,3,0,0,0,0,0,0,0,0,0,0,0,0,0,0,0,0,0
390,Marcus Rashford,ENG,FW,Manchester Utd,22,37,33,2920,32.4,11,9,11,0.34,0.28,0.62,0.34,0.62,9.3,9.3,3.6,12.9,0.29,0.11,0.4,0.29,0.4
391,Tim Ream,USA,DF,Fulham,32,7,7,630,7,0,0,0,0,0,0,0,0,0,0,0,0,0,0,0,0,0
392,Nathan Redmond,ENG,MFFW,Southampton,26,29,17,1738,19.3,2,3,2,0.1,0.16,0.26,0.1,0.26,3.3,3.3,3.3,6.6,0.17,0.17,0.34,0.17,0.34
393,Harrison Reed,ENG,MF,Fulham,25,31,26,2247,25,0,2,0,0,0.08,0.08,0,0.08,0.3,0.3,1.4,1.8,0.01,0.06,0.07,0.01,0.07
394,Sergio Reguilón,ESP,DF,Tottenham,23,27,26,2244,24.9,0,3,0,0,0.12,0.12,0,0.12,1.6,1.6,1.7,3.2,0.06,0.07,0.13,0.06,0.13
395,Bobby Reid,JAM,MFDF,Fulham,27,33,28,2372,26.4,5,2,5,0.19,0.08,0.27,0.19,0.27,4.8,4.8,1.4,6.2,0.18,0.05,0.23,0.18,0.23
396,Declan Rice,ENG,MF,West Ham,21,32,32,2879,32,2,1,1,0.06,0.03,0.09,0.03,0.06,3,1.5,2.1,3.5,0.09,0.06,0.16,0.05,0.11
397,Lewis Richardson,ENG,FWMF,Burnley,17,2,0,4,0,0,0,0,0,0,0,0,0,0,0,0,0,0,0,0,0,0
398,Richarlison,BRA,FW,Everton,23,34,33,2861,31.8,7,3,6,0.22,0.09,0.31,0.19,0.28,11.5,10.7,3.2,13.8,0.36,0.1,0.46,0.34,0.44
399,Jaïro Riedewald,NED,MF,Crystal Palace,23,33,19,1820,20.2,2,0,2,0.1,0,0.1,0.1,0.1,0.7,0.7,1,1.6,0.03,0.05,0.08,0.03,0.08
400,Matt Ritchie,SCO,DFMF,Newcastle Utd,30,18,15,1350,15,0,2,0,0,0.13,0.13,0,0.13,0.4,0.4,1.5,1.9,0.03,0.1,0.13,0.03,0.13
401,Tyler Roberts,WAL,MFFW,Leeds United,21,27,14,1340,14.9,1,2,1,0.07,0.13,0.2,0.07,0.2,2.1,2.1,1.8,3.8,0.14,0.12,0.26,0.14,0.26
402,Andrew Robertson,SCO,DF,Liverpool,26,38,38,3383,37.6,1,7,1,0.03,0.19,0.21,0.03,0.21,1.4,1.4,6.9,8.2,0.04,0.18,0.22,0.04,0.22
403,Antonee Robinson,USA,DF,Fulham,22,28,24,2162,24,0,0,0,0,0,0,0,0,0.6,0.6,1.6,2.2,0.02,0.07,0.09,0.02,0.09
404,Callum Robinson,IRL,FWMF,West Brom,25,28,20,1560,17.3,5,0,5,0.29,0,0.29,0.29,0.29,3.1,3.1,0.8,3.9,0.18,0.05,0.22,0.18,0.22
405,Jack Robinson,ENG,DF,Sheffield Utd,26,11,9,877,9.7,0,1,0,0,0.1,0.1,0,0.1,0.4,0.4,0.9,1.2,0.04,0.09,0.13,0.04,0.13
406,Hal Robson-Kanu,WAL,FW,West Brom,31,19,2,561,6.2,2,0,2,0.32,0,0.32,0.32,0.32,1.5,1.5,0.4,1.9,0.24,0.06,0.3,0.24,0.3
407,Marek Rodák,SVK,GK,Fulham,23,2,2,180,2,0,0,0,0,0,0,0,0,0,0,0,0,0,0,0,0,0
408,Joe Rodon,WAL,DF,Tottenham,22,12,8,733,8.1,0,0,0,0,0,0,0,0,0,0,0,0,0,0,0,0,0
409,Rodri,ESP,MF,Manchester City,24,34,31,2748,30.5,2,2,1,0.07,0.07,0.13,0.03,0.1,2.5,1.7,1.7,3.4,0.08,0.06,0.14,0.06,0.11
410,Rodrigo,ESP,MFFW,Leeds United,29,26,14,1288,14.3,7,2,7,0.49,0.14,0.63,0.49,0.63,6.3,6.3,2.4,8.6,0.44,0.17,0.6,0.44,0.6
411,James Rodríguez,COL,FWMF,Everton,29,23,21,1764,19.6,6,4,6,0.31,0.2,0.51,0.31,0.51,3.4,3.4,5.4,8.8,0.17,0.28,0.45,0.17,0.45
412,Jay Rodriguez,ENG,FWMF,Burnley,31,31,12,1265,14.1,1,2,1,0.07,0.14,0.21,0.07,0.21,2.6,2.6,1.7,4.3,0.18,0.12,0.31,0.18,0.31
413,Oriol Romeu,ESP,MF,Southampton,28,21,20,1763,19.6,1,1,1,0.05,0.05,0.1,0.05,0.1,0.4,0.4,1.1,1.5,0.02,0.05,0.08,0.02,0.08
414,John Ruddy,ENG,GK,Wolves,33,2,1,91,1,0,0,0,0,0,0,0,0,0,0,0,0,0,0,0,0,0
415,Antonio Rüdiger,GER,DF,Chelsea,27,19,19,1710,19,1,0,1,0.05,0,0.05,0.05,0.05,1.1,1.1,0.3,1.4,0.06,0.02,0.08,0.06,0.08
416,Mathew Ryan,AUS,GK,Brighton,28,11,11,990,11,0,0,0,0,0,0,0,0,0,0,0,0,0,0,0,0,0
417,Mathew Ryan,AUS,GK,Arsenal,28,3,3,270,3,0,0,0,0,0,0,0,0,0,0,0,0,0,0,0,0,0
418,Allan Saint-Maximin,FRA,FWMF,Newcastle Utd,23,25,19,1560,17.3,3,4,3,0.17,0.23,0.4,0.17,0.4,2.6,2.6,3.3,5.9,0.15,0.19,0.34,0.15,0.34
419,Romain Saïss,MAR,DF,Wolves,30,27,27,2407,26.7,3,0,3,0.11,0,0.11,0.11,0.11,3.5,3.5,0.3,3.8,0.13,0.01,0.14,0.13,0.14
420,Bukayo Saka,ENG,FWDF,Arsenal,18,32,30,2553,28.4,5,3,5,0.18,0.11,0.28,0.18,0.28,6.9,6.9,4.7,11.6,0.24,0.17,0.41,0.24,0.41
421,Mamadou Sakho,FRA,DF,Crystal Palace,30,4,3,276,3.1,0,0,0,0,0,0,0,0,0,0,0,0,0.01,0,0.01,0.01,0.01
422,Mohamed Salah,EGY,FW,Liverpool,28,37,34,3078,34.2,22,5,16,0.64,0.15,0.79,0.47,0.61,20.9,16.4,6.3,22.6,0.61,0.18,0.79,0.48,0.66
423,Mohammed Salisu,GHA,DF,Southampton,21,12,8,844,9.4,0,0,0,0,0,0,0,0,0.4,0.4,0,0.4,0.04,0,0.05,0.04,0.05
424,Davinson Sánchez,COL,DF,Tottenham,24,18,17,1486,16.5,0,0,0,0,0,0,0,0,1.1,1.1,0,1.1,0.07,0,0.07,0.07,0.07
425,Robert Sánchez,ESP,GK,Brighton,22,27,27,2430,27,0,0,0,0,0,0,0,0,0,0,0,0,0,0,0,0,0
426,Morgan Sanson,FRA,MF,Aston Villa,25,9,3,294,3.3,0,0,0,0,0,0,0,0,0,0,0.1,0.2,0.01,0.04,0.05,0.01,0.05
427,Romaine Sawyers,SKN,MF,West Brom,28,19,17,1487,16.5,0,0,0,0,0,0,0,0,0.1,0.1,0.4,0.5,0.01,0.02,0.03,0.01,0.03
428,Dane Scarlett,ENG,FW,Tottenham,16,1,0,1,0,0,0,0,0,0,0,0,0,0,0,0,0,0,0,0,0,0
429,Fabian Schär,SUI,DF,Newcastle Utd,28,18,13,1246,13.8,1,0,0,0.07,0,0.07,0,0,1.2,0.4,0,0.4,0.08,0,0.09,0.03,0.03
430,Jeffrey Schlupp,GHA,MF,Crystal Palace,27,27,15,1428,15.9,2,3,2,0.13,0.19,0.32,0.13,0.32,1.6,1.6,1.7,3.3,0.1,0.11,0.21,0.1,0.21
431,Kasper Schmeichel,DEN,GK,Leicester City,33,38,38,3420,38,0,0,0,0,0,0,0,0,0,0,0,0,0,0,0,0,0
432,Nélson Semedo,POR,DF,Wolves,26,34,34,2983,33.1,1,1,1,0.03,0.03,0.06,0.03,0.06,1.9,1.9,1.1,3,0.06,0.03,0.09,0.06,0.09
433,Femi Seriki,ENG,DF,Sheffield Utd,,1,0,1,0,0,0,0,0,0,0,0,0,0,0,0,0,0,0,0,0,0
434,Jamie Shackleton,ENG,MFDF,Leeds United,20,13,3,461,5.1,0,0,0,0,0,0,0,0,0,0,0.3,0.3,0,0.05,0.05,0,0.05
435,Xherdan Shaqiri,SUI,MFFW,Liverpool,28,14,5,556,6.2,0,2,0,0,0.32,0.32,0,0.32,0.4,0.4,3,3.4,0.06,0.49,0.55,0.06,0.55
436,Billy Sharp,ENG,FW,Sheffield Utd,34,16,7,735,8.2,3,0,1,0.37,0,0.37,0.12,0.12,2.7,1.2,0.6,1.8,0.33,0.07,0.4,0.15,0.22
437,Luke Shaw,ENG,DF,Manchester Utd,25,32,30,2654,29.5,1,5,1,0.03,0.17,0.2,0.03,0.2,0.7,0.7,5.2,5.9,0.02,0.18,0.2,0.02,0.2
438,Jonjo Shelvey,ENG,MF,Newcastle Utd,28,30,29,2617,29.1,1,3,1,0.03,0.1,0.14,0.03,0.14,2.5,2.5,2.7,5.2,0.08,0.09,0.18,0.08,0.18
439,Shola Shoretire,ENG,FW,Manchester Utd,16,2,0,11,0.1,0,0,0,0,0,0,0,0,0,0,0,0,0,0,0,0,0
440,Gylfi Sigurðsson,ISL,MF,Everton,30,36,24,2253,25,6,5,3,0.24,0.2,0.44,0.12,0.32,6.8,3.8,5,8.8,0.27,0.2,0.47,0.15,0.35
441,Bernardo Silva,POR,MFFW,Manchester City,25,26,24,2065,22.9,2,6,2,0.09,0.26,0.35,0.09,0.35,2.8,2.8,3.7,6.5,0.12,0.16,0.28,0.12,0.28
442,Fábio Silva,POR,FW,Wolves,18,32,11,1369,15.2,4,3,3,0.26,0.2,0.46,0.2,0.39,6,5.3,0.5,5.8,0.4,0.04,0.43,0.35,0.38
443,Thiago Silva,BRA,DF,Chelsea,35,23,23,1935,21.5,2,0,2,0.09,0,0.09,0.09,0.09,1.1,1.1,0.3,1.5,0.05,0.02,0.07,0.05,0.07
444,Moussa Sissoko,FRA,MF,Tottenham,30,25,15,1585,17.6,0,0,0,0,0,0,0,0,0.4,0.4,0.5,0.9,0.02,0.03,0.05,0.02,0.05
445,Islam Slimani,ALG,FW,Leicester City,32,1,0,20,0.2,0,0,0,0,0,0,0,0,0,0,0,0.1,0.19,0.13,0.32,0.19,0.32
446,William Smallbone,IRL,MF,Southampton,20,3,2,172,1.9,0,0,0,0,0,0,0,0,0.1,0.1,0,0.1,0.04,0,0.04,0.04,0.04
447,Emile Smith-Rowe,ENG,MFFW,Arsenal,20,20,18,1440,16,2,4,2,0.12,0.25,0.37,0.12,0.37,2,2,3,5,0.13,0.18,0.31,0.13,0.31
448,Robert Snodgrass,SCO,FWDF,West Ham,32,3,0,5,0.1,0,0,0,0,0,0,0,0,0,0,0,0,0,0,0,0,0
449,Robert Snodgrass,SCO,MFFW,West Brom,32,8,6,526,5.8,0,0,0,0,0,0,0,0,0.2,0.2,0.3,0.5,0.03,0.06,0.09,0.03,0.09
450,Cédric Soares,POR,DF,Arsenal,28,10,8,746,8.3,0,1,0,0,0.12,0.12,0,0.12,0.2,0.2,0.9,1.1,0.03,0.11,0.13,0.03,0.13
451,Tomáš Souček,CZE,MF,West Ham,25,38,38,3419,38,10,1,10,0.26,0.03,0.29,0.26,0.29,9.2,9.2,1.5,10.7,0.24,0.04,0.28,0.24,0.28
452,Çağlar Söyüncü,TUR,DF,Leicester City,24,23,19,1819,20.2,1,0,1,0.05,0,0.05,0.05,0.05,0.5,0.5,0.2,0.7,0.03,0.01,0.04,0.03,0.04
453,Zack Steffen,USA,GK,Manchester City,25,1,1,90,1,0,0,0,0,0,0,0,0,0,0,0,0,0,0,0,0,0
454,Dale Stephens,ENG,MF,Burnley,31,7,3,261,2.9,0,0,0,0,0,0,0,0,0.2,0.2,0,0.2,0.06,0,0.06,0.06,0.06
455,Jack Stephens,ENG,DF,Southampton,26,18,17,1537,17.1,0,0,0,0,0,0,0,0,0.7,0.7,0.5,1.3,0.04,0.03,0.07,0.04,0.07
456,Raheem Sterling,ENG,FW,Manchester City,25,31,28,2536,28.2,10,7,10,0.35,0.25,0.6,0.35,0.6,12.2,11.4,4.8,16.3,0.43,0.17,0.6,0.41,0.58
457,Enda Stevens,IRL,DF,Sheffield Utd,30,30,30,2700,30,0,1,0,0,0.03,0.03,0,0.03,1.1,1.1,1.6,2.7,0.04,0.05,0.09,0.04,0.09
458,John Stones,ENG,DF,Manchester City,26,22,22,1933,21.5,4,0,4,0.19,0,0.19,0.19,0.19,2.2,2.2,0.1,2.3,0.1,0,0.11,0.1,0.11
459,Pascal Struijk,NED,DFMF,Leeds United,20,27,22,2075,23.1,1,0,1,0.04,0,0.04,0.04,0.04,2.4,2.4,0.2,2.6,0.1,0.01,0.11,0.1,0.11
460,Japhet Tanganga,ENG,DF,Tottenham,21,6,6,487,5.4,0,0,0,0,0,0,0,0,0.2,0.2,0,0.2,0.04,0,0.04,0.04,0.04
461,Matt Targett,ENG,DF,Aston Villa,24,38,38,3404,37.8,0,2,0,0,0.05,0.05,0,0.05,0.2,0.2,3.1,3.4,0.01,0.08,0.09,0.01,0.09
462,James Tarkowski,ENG,DF,Burnley,27,36,36,3240,36,1,0,1,0.03,0,0.03,0.03,0.03,2.6,2.6,0.7,3.3,0.07,0.02,0.09,0.07,0.09
463,Percy Tau,RSA,FWMF,Brighton,26,3,1,103,1.1,0,1,0,0,0.87,0.87,0,0.87,0,0,0.3,0.3,0,0.27,0.27,0,0.27
464,Sidnei Tavares,POR,MF,Leicester City,18,2,1,85,0.9,0,0,0,0,0,0,0,0,0.1,0.1,0,0.1,0.06,0,0.06,0.06,0.06
465,Charlie Taylor,ENG,DF,Burnley,26,29,28,2426,27,0,1,0,0,0.04,0.04,0,0.04,0.1,0.1,1.8,1.8,0,0.07,0.07,0,0.07
466,Neil Taylor,WAL,DF,Aston Villa,31,1,0,16,0.2,0,0,0,0,0,0,0,0,0,0,0,0,0,0,0,0,0
467,Allan Tchaptchet,FRA,DF,Southampton,18,1,0,13,0.1,0,0,0,0,0,0,0,0,0,0,0,0,0,0,0,0,0
468,Nathan Tella,ENG,FWMF,Southampton,21,18,7,745,8.3,1,1,1,0.12,0.12,0.24,0.12,0.24,1.8,1.8,0.8,2.6,0.22,0.09,0.31,0.22,0.31
469,Alex Telles,BRA,DF,Manchester Utd,27,9,8,690,7.7,0,2,0,0,0.26,0.26,0,0.26,0.2,0.2,1.1,1.3,0.02,0.15,0.17,0.02,0.17
470,Kenny Tete,NED,DF,Fulham,24,22,18,1481,16.5,0,1,0,0,0.06,0.06,0,0.06,0.2,0.2,1.6,1.8,0.01,0.1,0.11,0.01,0.11
471,William Thomas Fish,ENG,DF,Manchester Utd,17,1,0,1,0,0,0,0,0,0,0,0,0,0,0,0,0,0,0,0,0,0
472,Luke Thomas,ENG,DF,Leicester City,19,14,12,969,10.8,1,0,1,0.09,0,0.09,0.09,0.09,0.3,0.3,0.2,0.6,0.03,0.02,0.05,0.03,0.05
473,Youri Tielemans,BEL,MF,Leicester City,23,38,37,3357,37.3,6,4,4,0.16,0.11,0.27,0.11,0.21,4.5,3,3.3,6.3,0.12,0.09,0.21,0.08,0.17
474,Kieran Tierney,SCO,DF,Arsenal,23,27,26,2299,25.5,1,3,1,0.04,0.12,0.16,0.04,0.16,0.4,0.4,4.1,4.5,0.02,0.16,0.17,0.02,0.17
475,James Tomkins,ENG,DF,Crystal Palace,31,8,6,553,6.1,0,0,0,0,0,0,0,0,0.2,0.2,0.1,0.3,0.03,0.01,0.04,0.03,0.04
476,Fikayo Tomori,ENG,DF,Chelsea,22,1,0,45,0.5,0,0,0,0,0,0,0,0,0,0,0,0,0,0,0,0,0
477,Ferrán Torres,ESP,FWMF,Manchester City,20,24,15,1306,14.5,7,2,7,0.48,0.14,0.62,0.48,0.62,5.4,5.4,1.9,7.3,0.37,0.13,0.5,0.37,0.5
478,Cenk Tosun,TUR,FW,Everton,29,5,0,48,0.5,0,0,0,0,0,0,0,0,0,0,0.1,0.1,0,0.25,0.25,0,0.25
479,Andros Townsend,ENG,MFFW,Crystal Palace,29,34,25,2258,25.1,1,5,1,0.04,0.2,0.24,0.04,0.24,2.3,2.3,3.7,6,0.09,0.15,0.24,0.09,0.24
480,Conor Townsend,ENG,DF,West Brom,27,25,25,2234,24.8,0,2,0,0,0.08,0.08,0,0.08,1,1,2.1,3.1,0.04,0.09,0.13,0.04,0.13
481,Adama Traoré,ESP,FW,Wolves,24,37,28,2649,29.4,2,2,2,0.07,0.07,0.14,0.07,0.14,2.2,2.2,5.4,7.7,0.08,0.18,0.26,0.08,0.26
482,Bertrand Traoré,BFA,FW,Aston Villa,24,36,29,2317,25.7,7,6,7,0.27,0.23,0.5,0.27,0.5,6.4,6.4,3.2,9.6,0.25,0.12,0.37,0.25,0.37
483,Trézéguet,EGY,FW,Aston Villa,25,21,12,1166,13,2,1,2,0.15,0.08,0.23,0.15,0.23,3.8,3.8,2,5.8,0.29,0.15,0.45,0.29,0.45
484,Leandro Trossard,BEL,FWMF,Brighton,25,35,30,2607,29,5,5,5,0.17,0.17,0.35,0.17,0.35,5.1,5.1,4.3,9.4,0.18,0.15,0.32,0.18,0.32
485,Kostas Tsimikas,GRE,DF,Liverpool,24,2,0,7,0.1,0,0,0,0,0,0,0,0,0,0,0,0,0,0,0,0,0
486,Axel Tuanzebe,ENG,DF,Manchester Utd,22,9,4,404,4.5,0,0,0,0,0,0,0,0,0,0,0,0,0,0,0,0,0
487,Cengiz Ünder,TUR,MFFW,Leicester City,23,9,1,281,3.1,0,2,0,0,0.64,0.64,0,0.64,0.3,0.3,1.8,2,0.08,0.57,0.65,0.08,0.65
488,Yan Valery,FRA,DFMF,Southampton,21,3,1,103,1.1,0,0,0,0,0,0,0,0,0.3,0.3,0,0.3,0.27,0,0.27,0.27,0.27
489,Jamie Vardy,ENG,FW,Leicester City,33,34,31,2840,31.6,15,9,7,0.48,0.29,0.76,0.22,0.51,19.7,12.8,4.9,17.8,0.62,0.16,0.78,0.41,0.56
490,Joël Veltman,NED,DF,Brighton,28,28,25,2281,25.3,1,1,1,0.04,0.04,0.08,0.04,0.08,1.4,1.4,1.1,2.5,0.05,0.04,0.1,0.05,0.1
491,Jannik Vestergaard,DEN,DF,Southampton,27,30,29,2574,28.6,3,0,3,0.1,0,0.1,0.1,0.1,2.1,2.1,0.6,2.7,0.07,0.02,0.09,0.07,0.09
492,Rúben Vinagre,POR,DF,Wolves,21,2,1,173,1.9,0,0,0,0,0,0,0,0,0,0,0,0,0,0,0,0,0
493,Carlos Vinícius,BRA,FW,Tottenham,25,9,3,308,3.4,1,0,1,0.29,0,0.29,0.29,0.29,1.4,1.4,0.1,1.5,0.4,0.03,0.43,0.4,0.43
494,João Virgínia,POR,GK,Everton,20,1,0,48,0.5,0,0,0,0,0,0,0,0,0,0,0,0,0,0,0,0,0
495,Vitinha,POR,MF,Wolves,20,19,5,520,5.8,0,1,0,0,0.17,0.17,0,0.17,0.6,0.6,0.7,1.3,0.1,0.12,0.22,0.1,0.22
496,Jake Vokins,ENG,DF,Southampton,20,1,1,66,0.7,0,0,0,0,0,0,0,0,0,0,0.2,0.2,0,0.22,0.22,0,0.22
497,Matěj Vydra,CZE,FW,Burnley,28,28,15,1371,15.2,3,2,3,0.2,0.13,0.33,0.2,0.33,6.1,6.1,1.8,7.8,0.4,0.12,0.51,0.4,0.51
498,Theo Walcott,ENG,MFFW,Southampton,31,21,20,1618,18,3,3,3,0.17,0.17,0.33,0.17,0.33,3,3,1.2,4.2,0.17,0.07,0.23,0.17,0.23
499,Theo Walcott,ENG,FW,Everton,31,1,0,13,0.1,0,0,0,0,0,0,0,0,0,0,0,0,0,0,0,0,0
500,Kyle Walker,ENG,DF,Manchester City,30,24,22,1946,21.6,1,1,1,0.05,0.05,0.09,0.05,0.09,0.2,0.2,0.5,0.8,0.01,0.02,0.04,0.01,0.04
501,Kyle Walker-Peters,ENG,DF,Southampton,23,30,30,2645,29.4,0,2,0,0,0.07,0.07,0,0.07,1.1,1.1,1.4,2.5,0.04,0.05,0.08,0.04,0.08
502,Aaron Wan-Bissaka,ENG,DF,Manchester Utd,22,34,34,3060,34,2,4,2,0.06,0.12,0.18,0.06,0.18,0.9,0.9,2.4,3.3,0.03,0.07,0.1,0.03,0.1
503,Joel Ward,ENG,DF,Crystal Palace,30,26,25,2256,25.1,0,1,0,0,0.04,0.04,0,0.04,0.1,0.1,0.4,0.5,0,0.02,0.02,0,0.02
504,James Ward-Prowse,ENG,MF,Southampton,25,38,38,3420,38,8,7,5,0.21,0.18,0.39,0.13,0.32,5.3,2.2,4.1,6.3,0.14,0.11,0.25,0.06,0.17
505,Ollie Watkins,ENG,FW,Aston Villa,24,37,37,3328,37,14,5,13,0.38,0.14,0.51,0.35,0.49,16,14.5,4.2,18.7,0.43,0.11,0.55,0.39,0.51
506,Caleb Watts,AUS,MFFW,Southampton,18,3,0,39,0.4,0,0,0,0,0,0,0,0,0,0,0,0,0,0,0,0,0
507,Adam Webster,ENG,DF,Brighton,25,29,29,2594,28.8,1,0,1,0.03,0,0.03,0.03,0.03,1.2,1.2,0.2,1.4,0.04,0.01,0.05,0.04,0.05
508,Danny Welbeck,ENG,FW,Brighton,29,24,17,1545,17.2,6,1,6,0.35,0.06,0.41,0.35,0.41,6.8,6,2.2,8.2,0.39,0.13,0.52,0.35,0.48
509,Timo Werner,GER,FW,Chelsea,24,35,29,2602,28.9,6,8,6,0.21,0.28,0.48,0.21,0.48,11.9,11.9,6.1,18,0.41,0.21,0.62,0.41,0.62
510,Ashley Westwood,ENG,MF,Burnley,30,38,38,3410,37.9,3,3,3,0.08,0.08,0.16,0.08,0.16,1.1,1.1,5,6.2,0.03,0.13,0.16,0.03,0.16
511,Ben White,ENG,DFMF,Brighton,22,36,36,3191,35.5,0,0,0,0,0,0,0,0,0.7,0.7,0.7,1.4,0.02,0.02,0.04,0.02,0.04
512,Georginio Wijnaldum,NED,MF,Liverpool,29,38,34,2941,32.7,2,0,2,0.06,0,0.06,0.06,0.06,3.2,3.2,1.7,4.9,0.1,0.05,0.15,0.1,0.15
513,Brandon Williams,ENG,DF,Manchester Utd,19,4,2,188,2.1,0,0,0,0,0,0,0,0,0.1,0.1,0,0.1,0.05,0.01,0.06,0.05,0.06
514,Neco Williams,WAL,DF,Liverpool,19,6,3,249,2.8,0,0,0,0,0,0,0,0,0.1,0.1,0.3,0.4,0.03,0.1,0.13,0.03,0.13
515,Rhys Williams,ENG,DF,Liverpool,19,9,7,661,7.3,0,0,0,0,0,0,0,0,0.5,0.5,0.4,0.9,0.07,0.05,0.13,0.07,0.13
516,Willian,BRA,FWMF,Arsenal,31,25,16,1406,15.6,1,5,1,0.06,0.32,0.38,0.06,0.38,2.1,2.1,2.5,4.6,0.13,0.16,0.29,0.13,0.29
517,Joe Willock,ENG,MF,Arsenal,20,7,2,238,2.6,0,0,0,0,0,0,0,0,0.4,0.4,0,0.5,0.17,0.02,0.18,0.17,0.18
518,Joe Willock,ENG,MF,Newcastle Utd,20,14,11,978,10.9,8,0,8,0.74,0,0.74,0.74,0.74,3.6,2.6,0.7,3.4,0.33,0.07,0.4,0.24,0.31
519,Callum Wilson,ENG,FW,Newcastle Utd,28,26,23,2084,23.2,12,5,8,0.52,0.22,0.73,0.35,0.56,11.3,8.2,2.2,10.5,0.49,0.1,0.58,0.36,0.45
520,Harry Winks,ENG,MF,Tottenham,24,15,9,861,9.6,0,0,0,0,0,0,0,0,0.1,0.1,0.3,0.3,0.01,0.03,0.04,0.01,0.04
521,Chris Wood,NZL,FW,Burnley,28,33,32,2741,30.5,12,3,10,0.39,0.1,0.49,0.33,0.43,13.3,11.8,2.2,14,0.44,0.07,0.51,0.39,0.46
522,Granit Xhaka,SUI,MFDF,Arsenal,27,31,29,2522,28,1,2,1,0.04,0.07,0.11,0.04,0.11,0.8,0.8,1.6,2.4,0.03,0.06,0.09,0.03,0.09
523,Andriy Yarmolenko,UKR,FWMF,West Ham,30,15,1,375,4.2,0,1,0,0,0.24,0.24,0,0.24,0.4,0.4,1,1.4,0.1,0.23,0.33,0.1,0.33
524,DeAndre Yedlin,USA,DF,Newcastle Utd,27,6,5,436,4.8,0,0,0,0,0,0,0,0,0.1,0.1,0.1,0.2,0.01,0.02,0.03,0.01,0.03
525,Okay Yokuşlu,TUR,MF,West Brom,26,16,15,1317,14.6,0,1,0,0,0.07,0.07,0,0.07,0.9,0.9,0.6,1.5,0.06,0.04,0.1,0.06,0.1
526,Wilfried Zaha,CIV,FW,Crystal Palace,27,30,29,2612,29,11,2,9,0.38,0.07,0.45,0.31,0.38,7.5,5.9,3.3,9.2,0.26,0.11,0.37,0.2,0.32
527,Andre-Frank Zambo Anguissa,CMR,MF,Fulham,24,36,29,2587,28.7,0,3,0,0,0.1,0.1,0,0.1,1.8,1.8,2.2,4.1,0.06,0.08,0.14,0.06,0.14
528,Andi Zeqiri,SUI,FWDF,Brighton,21,9,0,171,1.9,0,0,0,0,0,0,0,0,0.6,0.6,0.1,0.7,0.33,0.04,0.37,0.33,0.37
529,Oleksandr Zinchenko,UKR,DF,Manchester City,23,20,15,1478,16.4,0,0,0,0,0,0,0,0,0.7,0.7,1.3,2.1,0.04,0.08,0.13,0.04,0.13
530,Hakim Ziyech,MAR,FWMF,Chelsea,27,23,15,1172,13,2,3,2,0.15,0.23,0.38,0.15,0.38,1.9,1.9,3.7,5.6,0.15,0.28,0.43,0.15,0.43
531,Kurt Zouma,FRA,DF,Chelsea,25,24,22,2029,22.5,5,0,5,0.22,0,0.22,0.22,0.22,1.8,1.8,0,1.9,0.08,0,0.08,0.08,0.08
532,Martin Ødegaard,NOR,MF,Arsenal,21,14,9,866,9.6,1,2,1,0.1,0.21,0.31,0.1,0.31,1.1,1.1,2.1,3.2,0.11,0.22,0.33,0.11,0.33